gene_id,gene_symbol,baseMean,log2FoldChange,lfcSE,stat,pvalue,padj
ENSMUSG00000034855,Cxcl10,1086.6673889069882,1.4550372005374537,0.12288631496193989,11.840514551910074,2.409700000805542e-32,2.481991000829708e-30
ENSMUSG00000024449,Tnf,1456.8548264443089,1.1858965062965505,0.11652710883914166,10.17700102671908,2.5118336838788584e-24,1.293594347197612e-22
ENSMUSG00000063259,Ffar3,264.17064135200144,-1.3759723415442402,0.14040334448112585,-9.800139353013842,1.124304293689874e-22,3.860111408335234e-21
ENSMUSG00000037353,P2ry12,2493.980592579032,-1.1754608865200977,0.1256501115615166,-9.355032573485683,8.35739607254527e-21,2.152029488680407e-19
ENSMUSG00000020826,Nos2,569.2015116356506,1.1698967738464827,0.13652414135868204,8.569156796766663,1.0424551564978783e-17,2.1474576223856295e-16
ENSMUSG00000049448,Ffar2,333.1679508897665,-1.2837601259096687,0.1578080299351852,-8.134948053257707,4.121150225382473e-16,7.074641220239913e-15
ENSMUSG00000018899,Irf1,1362.6926835115707,1.123473660123776,0.14082104798496167,7.978023713072723,1.4869483281647143e-15,1.9144459725120694e-14
ENSMUSG00000025746,Il6,689.4176393485508,0.9046035548886796,0.11336242306514352,7.9797478779088085,1.4663249289490034e-15,1.9144459725120694e-14
ENSMUSG00000018927,Ccl4,1167.4052238071215,0.9527728794782143,0.13190185511680685,7.223347076009491,5.072333402539711e-13,5.805003782906558e-12
ENSMUSG00000029380,Hcar2,455.0014116751047,-1.120213246246187,0.15711802530936494,-7.129756398353977,1.0054671636547572e-12,1.0356311785644e-11
ENSMUSG00000000982,Ccl3,1359.8911771219525,0.8209698730769249,0.11776341401474155,6.971349123541514,3.1391586328015682e-12,2.939393992532378e-11
ENSMUSG00000035385,Ccl2,2317.087988761082,1.0705460481974807,0.1549338525929159,6.909697463021904,4.856883802606359e-12,4.1688252639037916e-11
ENSMUSG00000027398,Il1b,1009.3497931739521,0.9535770665443911,0.1443417733970011,6.606383198034083,3.9382271413944414e-11,3.12028765818175e-10
ENSMUSG00000002985,Apoe,7768.405373750688,0.6994454052892647,0.11139954266542017,6.278709845245904,3.4139402581771543e-10,2.5116846185160492e-09
ENSMUSG00000015852,Fcrls,1366.4894390482732,-0.8667239892138321,0.14003125193146257,-6.189503966143535,6.035383447058405e-10,4.144296633646772e-09
ENSMUSG00000024472,Nfkbia,3268.2547254831975,0.74232397367793,0.12311063977895315,6.029730452305203,1.6423336952488152e-09,1.0572523163164248e-08
ENSMUSG00000026104,Stat1,2041.8058553469752,0.8402707054572791,0.1416215713613641,5.933211285399661,2.970661595063003e-09,1.7998714370087607e-08
ENSMUSG00000025498,Irf7,946.9222191958814,0.854050940896617,0.1478693932577152,5.77571140369886,7.662861989067435e-09,4.384859915966365e-08
ENSMUSG00000014361,Mertk,794.036366325979,-0.9771847743065087,0.17942808222502482,-5.446108335934835,5.148378657884938e-08,2.7909631671692036e-07
ENSMUSG00000045382,Tmem119,910.5720823835568,-0.7855703339446988,0.1483229355761907,-5.29635103898794,1.1813962640239849e-07,6.084190759723522e-07
ENSMUSG00000052336,Cx3cr1,2170.5643210080284,-0.7722453804024431,0.15850334837744504,-4.872107676637153,1.104139605922426e-06,5.4155418766671375e-06
ENSMUSG00000035042,Ccl5,1052.5710681150574,0.6659700806702044,0.13747636993920995,4.844251277253586,1.2709001057101959e-06,5.950123222188644e-06
ENSMUSG00000039005,Tlr4,1236.8591442871536,0.5716045580774555,0.1253024099874174,4.561800193107657,5.07168991249218e-06,2.2712350477682373e-05
ENSMUSG00000018774,Cd68,2593.504118808069,0.7885764156956647,0.1791534795129952,4.401680714431584,1.0741554762041505e-05,4.609917252042813e-05
ENSMUSG00000037405,Icam1,1235.8930280429327,0.751210700046709,0.17261176278481075,4.3520249601020415,1.3488590126325734e-05,5.557299132046203e-05
ENSMUSG00000032508,Myd88,1808.9045473731292,0.6358955878862812,0.14808790398330793,4.294041382056145,1.7544975019219375e-05,6.950509334536907e-05
ENSMUSG00000024927,Rela,1406.4879333690715,0.5991800649021004,0.1443504056274489,4.150872055382457,3.312108873924404e-05,0.0001263508200052643
ENSMUSG00000002602,Axl,1604.6566651593778,0.5265261770376566,0.12997569904720893,4.050958609165973,5.1008230777038e-05,0.00018763742035838977
ENSMUSG00000028163,Nfkb1,2068.58831203422,0.5700486712394477,0.1458542516438831,3.9083445618800003,9.293070695767936e-05,0.00033006423505658534
ENSMUSG00000023992,Trem2,2225.3526468717873,0.5565545857403997,0.14296850764371116,3.89284741733038,9.907446989049413e-05,0.00034015567995736317
ENSMUSG00000030579,Tyrobp,3139.973912038901,0.5978411711416152,0.15389733968940977,3.8846751499938676,0.00010246680142960842,0.0003404542112016022
ENSMUSG00000004040,Stat3,2760.9339235380407,0.5557247399058208,0.14928516853063872,3.7225716752415767,0.00019720390208358734,0.0006347500598315467
ENSMUSG00000020689,Lamp1,3320.9262988374735,0.4353606305741318,0.12492418426708822,3.4849987864906105,0.0004921392734482455,0.0015360710656111905
ENSMUSG00000024434,Hdac3,1952.7827154428699,0.45732531654222597,0.1317623787641668,3.470833790582696,0.0005188450442788524,0.0015717952811976999
ENSMUSG0000990008,BgGene8,3804.3703109875282,-0.319821060973074,0.10113015594814286,-3.1624697695222648,0.0015643697718167354,0.004603716757060679
ENSMUSG00000028800,Hdac1,2626.139327712473,0.39686350039181245,0.12809953264980178,3.0980870279734507,0.0019477422189670347,0.005572706904266794
ENSMUSG0000990006,BgGene6,3094.507063328554,-0.4615120799520083,0.1541016344086116,-2.994855192309484,0.0027457516133014303,0.007643578815406685
ENSMUSG00000024620,Csf1r,1563.4110079521008,-0.40746090765464443,0.1365416639060831,-2.984150741966251,0.00284366638271418,0.007707832563672647
ENSMUSG0000990017,BgGene17,2549.671831643403,-0.41003714471548114,0.14650007432373158,-2.7988869398754916,0.005127908890936487,0.01354293886580662
ENSMUSG0000990058,BgGene58,1688.8786936921763,-0.2604209245735529,0.09525088672591081,-2.73405249573085,0.0062560069480660455,0.016109217891270067
ENSMUSG00000032997,Hdac2,2457.8835154578815,0.3874856445745332,0.14231952722918975,2.7226456700529273,0.006476147545648267,0.016269346273213938
ENSMUSG0000990034,BgGene34,3698.99513907485,-0.40424807844696475,0.14956039429841192,-2.7029086165712064,0.0068735640981885185,0.016856597669367084
ENSMUSG0000990004,BgGene4,2854.8284726659767,-0.3749404713231036,0.14192214221676933,-2.6418743789142236,0.008244862980419421,0.019749322953097684
ENSMUSG0000990029,BgGene29,2094.5428576696104,-0.3335190758910277,0.14330185548226917,-2.3273883982074066,0.0199446026888975,0.046688501749010056
ENSMUSG0000990013,BgGene13,916.5286498015599,-0.330617435645863,0.1441090436864202,-2.2942171232867463,0.02177803022229391,0.04837505787582734
ENSMUSG0000990039,BgGene39,3374.0436234512345,-0.3199036891218173,0.1397513968733783,-2.289091173891206,0.0220740555355717,0.04837505787582734
ENSMUSG0000990060,BgGene60,2596.7780965548423,-0.2843716123781999,0.12375981646787876,-2.2977701526569985,0.02157487438341801,0.04837505787582734
ENSMUSG0000990045,BgGene45,2754.6988461619258,-0.3727951768589844,0.16383993624347407,-2.2753620723154624,0.022884218632264367,0.049105719148400624
ENSMUSG0000990030,BgGene30,3359.9611598982333,-0.2598043087502839,0.12387039058550432,-2.0973883066183445,0.03595921536990004,0.07558773843060619
ENSMUSG00000021612,Hexb,4145.80798837768,-0.2899423747567257,0.14253221881368272,-2.034223399943957,0.04192907627923725,0.08468029130904776
ENSMUSG0000990046,BgGene46,2370.4881700601413,-0.3267046512704463,0.15996985962842294,-2.0422887913342795,0.04112289328194675,0.08468029130904776
ENSMUSG0000990040,BgGene40,408.76892598626256,-0.23506367094058328,0.12288430515501969,-1.9128860324680867,0.05576264406259452,0.11045292958552376
ENSMUSG0000990056,BgGene56,2717.267911362256,0.2763437301573482,0.14751274456892663,1.8733549495326767,0.06101938660673943,0.11858484566970116
ENSMUSG0000990005,BgGene5,591.6338485189887,-0.22186140378218205,0.12505174680377323,-1.7741567747175824,0.0760372218446573,0.14503396018517967
ENSMUSG0000990015,BgGene15,1593.5994823109313,-0.22525155026787666,0.1284901373147349,-1.7530649042433968,0.07959086688014133,0.1490519870664465
ENSMUSG0000990010,BgGene10,3435.1806451437265,-0.24428827274474918,0.14174774054290157,-1.7234015287235747,0.08481593865745171,0.1560007443163844
ENSMUSG0000990050,BgGene50,3509.1404993677065,-0.25067218642140426,0.15009479426020877,-1.670092474938415,0.09490106876499396,0.17148789618937507
ENSMUSG0000990009,BgGene9,2662.337456203358,-0.18289640007714944,0.11186350021452704,-1.6349962206295936,0.10204983990016911,0.1812264398227141
ENSMUSG0000990032,BgGene32,842.3061172632098,-0.2241881802292406,0.13785912432891412,-1.6262121301043264,0.1039045366076075,0.1813926656031114
ENSMUSG0000990057,BgGene57,3670.5610549736957,-0.20957378740254898,0.13208582359922494,-1.5866486023393258,0.11259225317448472,0.1932833679495321
ENSMUSG00000025630,Hprt,2849.390287953305,-0.24536930354184874,0.15579411302904383,-1.5749587630188948,0.11526596330741885,0.19462941345351054
ENSMUSG0000990036,BgGene36,1746.1642592741998,-0.20749435248057807,0.13457233620888953,-1.541879693301122,0.12310283143367447,0.20450954254303985
ENSMUSG0000990019,BgGene19,3885.1295131853676,-0.23677558982038852,0.1552223007987308,-1.525396728446925,0.12716017427275278,0.20789679285862755
ENSMUSG0000990051,BgGene51,2047.9238295701418,-0.1956873391381172,0.12951605789608459,-1.5109117920738775,0.1308109260530092,0.2105238341165617
ENSMUSG0000990059,BgGene59,898.1095604928656,-0.19694406585512092,0.1344738272873434,-1.4645531389114945,0.14304287508571029,0.2266679405204332
ENSMUSG0000990042,BgGene42,2679.1885273289136,-0.1889255132497163,0.13905564993237193,-1.3586324132935121,0.17426309870902756,0.26395734069161525
ENSMUSG0000990052,BgGene52,1166.6486973691633,-0.18770588827330426,0.13761141069371935,-1.3640285157099346,0.172558591087573,0.26395734069161525
ENSMUSG00000008398,Ubc,7309.089594392865,-0.17127128488830978,0.1257676600187557,-1.3618070405600942,0.17325878906840442,0.26395734069161525
ENSMUSG0000990053,BgGene53,2882.858064353082,-0.18235001703295584,0.13862588541657603,-1.3154110178267728,0.18837180462853498,0.2811926938657841
ENSMUSG0000990025,BgGene25,3202.263692089746,-0.19409679039104533,0.14954750387437038,-1.2978938822950816,0.19432380257916326,0.28593359522362594
ENSMUSG0000990024,BgGene24,608.0647598328125,-0.16308127515057538,0.1497042653155526,-1.0893562371574796,0.2759968220807394,0.4003897559762839
ENSMUSG0000990026,BgGene26,3747.42623665047,-0.12271277993641282,0.11747026591438538,-1.0446284341081538,0.29619473267209717,0.42372302035036125
ENSMUSG0000990007,BgGene7,2954.0270776627135,-0.15279594827681822,0.14811189151054147,-1.0316251228615454,0.3022477666300084,0.4264591775738475
ENSMUSG0000990027,BgGene27,732.2605564944624,-0.13099520546422702,0.12861282747271924,-1.0185236421461392,0.308429171192811,0.4293000626062099
ENSMUSG00000062209,Rpl13a,12528.135906221665,-0.14769571504404158,0.15553709232263077,-0.9495851622176156,0.34232308074259854,0.47012369755316863
ENSMUSG0000990028,BgGene28,1283.29953740266,-0.1334725518190255,0.1534802315043602,-0.86964002145927,0.384497159274518,0.5143273688996799
ENSMUSG00000057666,Gapdh,16636.848072686433,-0.11838045170484914,0.13600585233281587,-0.8704070425966954,0.38407799935029796,0.5143273688996799
ENSMUSG0000990022,BgGene22,1180.2212696160975,-0.12696096703646229,0.153735626849982,-0.8258395899367756,0.4088950927920173,0.5399512122766382
ENSMUSG0000990037,BgGene37,2720.9365408422373,-0.10806671545612498,0.13605988318077336,-0.7942584759722614,0.42704497232766836,0.5567801537943018
ENSMUSG0000990031,BgGene31,3023.082929929602,-0.09549934867245562,0.1257636546059598,-0.759355705522969,0.44763980283525584,0.5622792645369677
ENSMUSG0000990020,BgGene20,2999.41116648815,-0.12201333125014707,0.15773777847090512,-0.7735200307303208,0.4392146788733329,0.5622792645369677
ENSMUSG0000990044,BgGene44,2395.9551883584027,-0.11512539204091655,0.15101585486185695,-0.7623397698621016,0.4458572436172866,0.5622792645369677
ENSMUSG0000990021,BgGene21,3527.689530371817,-0.11077604321331219,0.15497729375680963,-0.7147888605355438,0.4747395194369899,0.5891345843615658
ENSMUSG0000990054,BgGene54,1459.2024507080512,-0.10632507590073201,0.15627055473801232,-0.6803909801112952,0.4962569307593059,0.6085055222405775
ENSMUSG0000990011,BgGene11,2497.599003943183,-0.10135951844910424,0.15281150752086517,-0.6632976802173384,0.5071399220011014,0.614534258424864
ENSMUSG0000990043,BgGene43,3389.8312832284932,-0.08574920627359793,0.13400350559273033,-0.639902709218749,0.5222358524781205,0.6254685209912374
ENSMUSG0000990001,BgGene1,3293.5827000917234,0.1076150885606321,0.17348664656317714,0.620307618439341,0.5350552801406327,0.6311021477919463
ENSMUSG0000990038,BgGene38,1675.9786007024686,-0.07078701081187334,0.115282250783755,-0.6140321717404246,0.5391940680164201,0.6311021477919463
ENSMUSG0000990023,BgGene23,2729.072249188254,0.07730248107142082,0.14023364818795592,0.5512406050209283,0.5814687482958136,0.6729357424097618
ENSMUSG0000990002,BgGene2,2407.805869680024,0.06050180536542332,0.1224479137471908,0.4941023780146794,0.6212338785295972,0.7109676609838723
ENSMUSG00000029580,Actb,18017.059044212736,-0.05470035687262023,0.11615549206721883,-0.47092355169022315,0.6376953287387859,0.7217870204406037
ENSMUSG0000990012,BgGene12,2899.5200279526484,-0.061300735799320015,0.1528055892953461,-0.4011681515185715,0.688296327309705,0.7705926273141264
ENSMUSG0000990047,BgGene47,3908.332749239071,-0.05119106733927435,0.14262616252688481,-0.35891779202588386,0.7196565891531477,0.7874687396699072
ENSMUSG0000990003,BgGene3,3969.322554993883,-0.0383022529515804,0.10942143687515578,-0.35004341055474625,0.7263061191130211,0.7874687396699072
ENSMUSG0000990016,BgGene16,1274.7143916915725,0.046205050989302804,0.12598664516743055,0.36674562552164464,0.7138087700733409,0.7874687396699072
ENSMUSG0000990041,BgGene41,2259.8658387142773,-0.04324456454743614,0.14076526196671674,-0.30721048604776585,0.7586831645042251,0.8140038119159916
ENSMUSG0000990018,BgGene18,2064.6140528436604,0.03629194508324261,0.1368090087573053,0.26527452696937037,0.790797986291026,0.8397133256492338
ENSMUSG0000990048,BgGene48,3963.5574383281037,-0.025716305356199638,0.12727860928573953,-0.20204734715844297,0.8398797097199234,0.8827307153178786
ENSMUSG0000990035,BgGene35,2679.9345151534903,0.018883464137414235,0.13431684124063487,0.14058895342530897,0.888194675446892,0.9188306152877342
ENSMUSG0000990055,BgGene55,595.7564103975122,-0.018106045001756402,0.13343958430734665,-0.13568721077587736,0.8920685585317808,0.9188306152877342
ENSMUSG0000990049,BgGene49,1450.8983702425558,-0.013041072287443806,0.1516356628750415,-0.08600267272343823,0.9314642925742599,0.9405962954426349
ENSMUSG0000990033,BgGene33,1439.6539486987858,-0.01183680904520316,0.12922220817031999,-0.09160042389619111,0.9270155146471686,0.9405962954426349
ENSMUSG0000990014,BgGene14,1080.9036446742282,0.005892921766532547,0.13459523828275505,0.04378254269406479,0.9650777426514585,0.9650777426514585
