gene_id,gene_symbol,A2M_SPF_Male_1,A2M_SPF_Male_2,A2M_SPF_Male_3,A2M_SPF_Female_1,A2M_SPF_Female_2,A2M_SPF_Female_3,A2M_GF_Male_1,A2M_GF_Male_2,A2M_GF_Male_3,A2M_GF_Female_1,A2M_GF_Female_2,A2M_GF_Female_3
ENSMUSG00000045382,Tmem119,1183,1308,1061,1203,1310,1312,494,794,629,610,685,734
ENSMUSG00000052336,Cx3cr1,2047,2308,2135,2893,2423,1860,1379,1133,1878,1439,1651,1326
ENSMUSG00000037353,P2ry12,2768,2458,3297,2374,3492,2769,1154,1968,1385,1689,1667,1412
ENSMUSG00000024620,Csf1r,1581,1704,1592,1575,1930,1682,1458,1420,1310,1711,1394,1212
ENSMUSG00000021612,Hexb,5283,5358,5601,2918,2980,4994,3278,3706,3326,3469,4683,4688
ENSMUSG00000014361,Mertk,1678,1325,916,745,975,907,586,459,383,516,571,604
ENSMUSG00000015852,Fcrls,1306,1752,2052,1419,1402,1500,1034,750,893,851,970,866
ENSMUSG00000028163,Nfkb1,1430,1239,1557,1272,1359,1120,2814,2641,2035,2722,2574,2423
ENSMUSG00000024927,Rela,940,1095,1017,1245,1163,1188,1141,1358,1428,1736,1811,1970
ENSMUSG00000024472,Nfkbia,2445,1597,3152,1372,2530,1939,3958,5472,4419,3509,3501,3432
ENSMUSG00000024449,Tnf,695,689,955,1007,921,794,2087,2494,1858,1788,1710,1930
ENSMUSG00000027398,Il1b,593,616,799,453,658,497,949,1190,1136,1056,1298,1238
ENSMUSG00000025746,Il6,364,305,449,385,423,451,808,793,1081,650,744,798
ENSMUSG00000035385,Ccl2,1121,1305,1282,1045,845,1272,4895,4810,3725,3505,3805,3031
ENSMUSG00000000982,Ccl3,760,911,1049,721,877,815,1712,2071,2673,2259,2440,1712
ENSMUSG00000018927,Ccl4,671,768,616,748,697,917,1486,1584,1186,1359,1645,1660
ENSMUSG00000035042,Ccl5,394,582,554,869,773,755,988,979,1154,1549,1157,1099
ENSMUSG00000034855,Cxcl10,476,456,467,634,712,621,2186,1540,1282,1292,1367,1461
ENSMUSG00000049448,Ffar2,519,613,485,605,500,752,251,178,185,260,175,199
ENSMUSG00000063259,Ffar3,336,324,404,276,391,362,207,156,217,195,154,164
ENSMUSG00000029380,Hcar2,735,547,449,589,544,461,181,266,252,263,273,367
ENSMUSG00000028800,Hdac1,1745,2005,1829,2324,2457,1656,4402,3418,3829,2790,2839,3290
ENSMUSG00000032997,Hdac2,1688,1863,1877,1939,1676,1537,2625,3451,2623,2483,2888,2638
ENSMUSG00000024434,Hdac3,1338,2325,1578,2054,1901,1834,2246,2198,2373,2529,2457,2110
ENSMUSG00000023992,Trem2,2010,1720,1415,1369,1978,2251,2344,2734,3198,3431,3904,2796
ENSMUSG00000030579,Tyrobp,2237,2606,2868,2550,2107,2362,5197,3257,4160,3534,2988,4698
ENSMUSG00000002985,Apoe,6024,4391,3599,5059,4348,5110,7884,8082,10746,11866,10838,9793
ENSMUSG00000018774,Cd68,1989,1916,2001,1803,1745,1889,2359,4193,3722,2545,3665,2773
ENSMUSG00000020689,Lamp1,3266,2537,2837,3291,2948,2211,4232,4239,4380,5563,3739,3681
ENSMUSG00000002602,Axl,1194,1253,1119,907,969,1364,1563,1802,1767,1443,1908,1498
ENSMUSG00000026104,Stat1,1167,1203,1106,1219,1164,1686,2527,2241,3723,2557,2537,3023
ENSMUSG00000004040,Stat3,1943,2569,2119,2513,2899,1975,3416,2964,3003,3854,3114,3732
ENSMUSG00000032508,Myd88,1390,1241,1167,1176,1158,1084,1717,1605,2018,1545,1386,2531
ENSMUSG00000039005,Tlr4,980,1055,1080,807,1161,937,1493,1750,1953,2086,2400,1955
ENSMUSG00000018899,Irf1,865,1063,808,759,667,573,2031,1789,1768,2339,1762,1641
ENSMUSG00000025498,Irf7,743,755,864,554,542,525,1509,1838,1155,1286,1402,1134
ENSMUSG00000037405,Icam1,741,662,897,723,820,723,1115,1461,1389,1670,1465,1574
ENSMUSG00000020826,Nos2,374,371,419,300,271,369,760,872,897,767,842,705
ENSMUSG00000029580,Actb,17063,22247,17789,16909,16998,13570,21634,19962,16957,14160,15592,17369
ENSMUSG00000057666,Gapdh,13891,14796,14623,20006,17472,17580,18037,16352,15120,17040,15361,16266
ENSMUSG00000062209,Rpl13a,14498,10957,13876,9184,13008,15914,12369,10866,11467,11484,12130,12811
ENSMUSG00000025630,Hprt,2836,3002,2391,3334,2338,3099,3856,2694,2976,2956,3408,2787
ENSMUSG00000008398,Ubc,8867,9145,9147,8970,6727,7866,6159,7952,9086,6727,7244,7940
ENSMUSG0000990001,BgGene1,3504,4418,2865,3823,3201,3112,2751,2927,3565,2575,3006,3586
ENSMUSG0000990002,BgGene2,2020,2323,2270,2120,1910,2095,2285,2000,2625,2217,2374,2439
ENSMUSG0000990003,BgGene3,4295,3151,4142,4718,3429,3017,4432,5113,2489,3763,2830,3612
ENSMUSG0000990004,BgGene4,2426,2387,2903,2839,2710,2961,2984,3134,1901,2977,2647,2145
ENSMUSG0000990005,BgGene5,689,736,593,624,735,588,664,847,677,733,591,602
ENSMUSG0000990006,BgGene6,2741,3169,2514,3741,3087,2669,2483,2700,3023,3506,2896,3058
ENSMUSG0000990007,BgGene7,3845,2356,3211,3069,3189,2887,2960,2211,2885,3032,3061,2766
ENSMUSG0000990008,BgGene8,3983,4657,4350,4347,3833,3920,3684,3750,3447,4139,4977,2934
ENSMUSG0000990009,BgGene9,2729,2274,2552,2381,2162,2831,3014,2493,2058,2276,2458,1726
ENSMUSG0000990010,BgGene10,4860,3198,3911,4188,3822,3236,3831,3654,2988,3316,3742,3727
ENSMUSG0000990011,BgGene11,2508,2891,2369,2185,2351,2946,2703,2137,1864,2059,1587,2853
ENSMUSG0000990012,BgGene12,2580,2810,2955,2111,2243,2541,1971,2903,2460,2591,3277,2558
ENSMUSG0000990013,BgGene13,932,830,647,950,961,832,1215,911,1009,862,1160,1169
ENSMUSG0000990014,BgGene14,979,1055,950,841,1048,1007,1034,920,1196,877,1277,676
ENSMUSG0000990015,BgGene15,1771,1640,1012,1327,1159,1378,1293,2193,1167,1164,1538,1367
ENSMUSG0000990016,BgGene16,1094,1377,1041,1109,1602,1589,1335,1121,1240,897,1370,1353
ENSMUSG0000990017,BgGene17,2151,3159,2553,1763,2771,2622,1902,2069,2863,2830,1856,2319
ENSMUSG0000990018,BgGene18,1759,1718,1689,1670,1473,2494,1610,2108,1568,1760,1650,1855
ENSMUSG0000990019,BgGene19,3173,4224,3863,3681,4008,3971,3263,3518,4246,3363,3499,3435
ENSMUSG0000990020,BgGene20,2440,2754,2869,3698,2463,3734,2985,3617,4124,3110,2634,3138
ENSMUSG0000990021,BgGene21,3343,3706,3955,4143,4185,4516,3650,3972,3366,4113,3236,3180
ENSMUSG0000990022,BgGene22,1159,1196,960,1111,900,1043,1099,1002,1080,1429,1425,1369
ENSMUSG0000990023,BgGene23,2800,3080,2796,2310,3229,3921,2919,2652,2943,3214,3466,2877
ENSMUSG0000990024,BgGene24,507,628,703,591,496,605,482,739,602,587,612,537
ENSMUSG0000990025,BgGene25,2334,2993,2884,2170,2854,3406,4151,3145,2952,2168,4025,2215
ENSMUSG0000990026,BgGene26,6133,3699,4293,2847,3988,4147,3548,3262,3674,3479,4291,2812
ENSMUSG0000990027,BgGene27,782,607,730,701,706,701,777,733,876,993,894,748
ENSMUSG0000990028,BgGene28,1119,834,1927,1622,1279,1304,1180,1419,1207,1315,1273,1394
ENSMUSG0000990029,BgGene29,1950,2230,2056,1586,1864,2177,2020,2400,2695,1728,2216,2188
ENSMUSG0000990030,BgGene30,4240,3177,4771,3366,4043,2949,3761,2518,2460,4982,4711,3042
ENSMUSG0000990031,BgGene31,2969,2186,2578,3534,2576,2373,3187,3836,2488,3632,2628,2179
ENSMUSG0000990032,BgGene32,753,956,902,709,869,708,679,637,1138,764,1086,860
ENSMUSG0000990033,BgGene33,1382,1761,1186,1958,2093,1317,1661,1372,1016,1064,1569,1590
ENSMUSG0000990034,BgGene34,3903,4070,3402,3302,3541,3422,3062,3556,2918,3618,4220,3030
ENSMUSG0000990035,BgGene35,2590,2612,2162,3113,2913,2442,2846,2775,2511,2465,2535,2010
ENSMUSG0000990036,BgGene36,1865,1564,1646,1835,1789,1689,1381,1907,1839,2100,2208,2547
ENSMUSG0000990037,BgGene37,2620,2107,3221,2590,2991,2753,3499,3418,2451,2577,2850,2392
ENSMUSG0000990038,BgGene38,1567,1200,1342,1874,1838,1264,1262,1723,2049,1701,1679,1538
ENSMUSG0000990039,BgGene39,2872,3969,2315,3061,3603,3441,4352,4613,4268,3080,3414,2526
ENSMUSG0000990040,BgGene40,414,285,448,404,429,354,506,435,404,388,422,405
ENSMUSG0000990041,BgGene41,2237,1986,2190,2016,2382,2674,2256,2704,2303,3252,2744,2393
ENSMUSG0000990042,BgGene42,3073,2230,2932,2925,2102,3159,2701,2937,2461,2523,2870,2581
ENSMUSG0000990043,BgGene43,3404,3716,2560,4438,3285,3425,3277,2594,3910,2842,3301,3008
ENSMUSG0000990044,BgGene44,2658,2602,2790,2516,2286,3560,3062,2166,2508,2836,3119,3052
ENSMUSG0000990045,BgGene45,2625,3648,2726,2959,2038,2759,3205,2247,3128,2663,3746,2406
ENSMUSG0000990046,BgGene46,1893,2508,3148,2292,2272,2350,2455,2144,2237,2840,1784,2087
ENSMUSG0000990047,BgGene47,3386,3247,3857,3170,2935,4762,3393,2831,3716,4183,5047,4187
ENSMUSG0000990048,BgGene48,3768,4015,3921,3992,3881,2687,3142,4164,2544,3800,2760,3832
ENSMUSG0000990049,BgGene49,1458,1461,1528,1705,1098,1102,1484,1491,1278,1278,1544,1118
ENSMUSG0000990050,BgGene50,3450,2931,3303,3785,2830,3101,4857,3181,4167,3777,2704,3553
ENSMUSG0000990051,BgGene51,2310,2046,2105,2508,1960,1644,2181,2042,1972,2079,1725,2580
ENSMUSG0000990052,BgGene52,1520,1236,846,1367,1073,1218,1218,1091,1055,1034,1332,1057
ENSMUSG0000990053,BgGene53,2665,3739,3466,3629,3597,2844,2806,3214,1850,3209,2367,2457
ENSMUSG0000990054,BgGene54,1700,1405,1939,1316,1453,1395,1610,1510,1384,1290,1235,1059
ENSMUSG0000990055,BgGene55,796,662,797,454,809,620,694,770,813,797,570,680
ENSMUSG0000990056,BgGene56,2628,2346,2579,4178,2879,2138,2391,1996,2228,1937,2839,2650
ENSMUSG0000990057,BgGene57,3698,3803,3593,3111,4796,3698,3173,2284,4088,3698,3993,2499
ENSMUSG0000990058,BgGene58,1796,1637,1991,2209,1806,1868,1895,2090,1293,1652,1662,1205
ENSMUSG0000990059,BgGene59,962,651,936,979,810,1022,775,981,809,833,972,1128
ENSMUSG0000990060,BgGene60,2433,2815,2546,2293,2930,4103,2734,2841,2520,2540,3362,2114
