Name,pathway,enrichment_score,normalized_enrichment_score,nominal_p_value,fdr_q_value,fwer_p_value,tag_percent,gene_percent,leading_edge_genes
prerank,Interferon Gamma Response,-0.570764884390325,-2.391526580845111,0.0,0.0,0.0,71/177,13.63%,Ccl7;Arl4a;Oas2;Cmpk2;Rnf31;Ripk1;Pde4b;Cdkn1a;Nod1;Ifit1;Ptpn1;Rsad2;Fgl2;Ifitm3;Irf7;Tnfsf10;Samhd1;Ccl5;Parp14;Myd88;Isg15;Cxcl9;Nampt;Parp12;Mvp;Ripk2;Eif2ak2;Psma3;Jak2;Samd9l;Nfkbia;Cd38;Txnip;Ube2l6;Slamf7;Znfx1;Gbp6;Pml;Ifi27;Isg20;Batf2;Ifit2;Bank1;Irf5;Socs1;Il10ra;Ifit3;Ifi35;Mthfd2;Usp18;Plscr1;Oas3;Trim26;Bpgm;Lap3;Cxcl10;Bst2;Stat2;Ccl2;Vcam1;Rtp4;Cfh;Tap1;Stat1;St8sia4;St3gal5;Rbck1;Rnf213;B2m;Tor1b;Cmklr1
prerank,G2-M Checkpoint,-0.4928920932014633,-2.1751812613250743,0.0,0.0,0.0,53/189,12.38%,Sap30;Ccnt1;Hira;Nup50;Rad23b;Cdkn1b;Gspt1;Cks1b;Kif5b;Cdkn3;Kif20b;Smc2;Mtf2;Nolc1;Prmt5;Kif11;Slc7a1;Exo1;Ccna2;Dbf4;Upf1;Mki67;Top2a;Abl1;Numa1;Rbm14;Racgap1;Rad54l;Mcm6;Atrx;Hspa8;Pml;Pbk;Dkc1;Kif23;Amd1;Cdc20;Kif22;Cdc6;Pttg1;Ube2c;Hmmr;Ttk;Cdc27;Birc5;Cul3;Notch2;Tle3;Ctcf;Fancc;Mapk14;Bub3;Hus1
prerank,heme Metabolism,-0.4634132682039692,-1.9970451351197516,0.0,0.0,0.0,52/175,16.62%,Ubac1;Slc2a1;Usp15;Ppp2r5b;Ranbp10;Gde1;Rnf19a;Minpp1;Ctns;Lpin2;Htatip2;Sec14l1;Kdm7a;Slc10a3;Mpp1;Tns1;Fbxo34;Dcun1d1;Bmp2k;Epor;Gapvd1;Fbxo7;Cat;Dcaf10;Urod;Tal1;Adipor1;Kat2b;Khnyn;Abcg2;Narf;Foxo3;Tcea1;Cast;Fbxo9;Bpgm;Mkrn1;Cdc27;Alad;Cpox;Mgst3;Epb42;Snca;Trak2;Ackr1;C3;Rad23a;Mocos;Atp6v0a1;Isca1;Bach1;Uros
prerank,Myc Targets V1,-0.4709625490947727,-1.978752710020043,0.0,0.0,0.0,77/192,19.91%,Tcp1;Nop56;Eef1b2;Ddx21;Psmd7;Rad23b;Hsp90ab1;Cct3;Erh;Gspt1;Rpl6;Aimp2;Rack1;Rsl1d1;Usp1;Nolc1;Npm1;Psmc6;Hspd1;Ccna2;Pa2g4;Prpf31;Stard7;Hnrnpa2b1;Snrpb2;Rps10;Mcm6;Eif4e;Srsf3;Cct2;Srsf7;Ppm1g;Cdk2;Psma4;Cct4;Prdx3;Cdc20;Psma7;Rps2;Mrps18b;Abce1;Rrp9;Ap3s1;Ddx18;Nop16;Lsm2;Eif2s2;Serbp1;Bub3;Cbx3;Rfc4;Apex1;Set;Ifrd1;Eif3d;Impdh2;Hdac2;Vdac1;G3bp1;Ruvbl2;Ptges3;Prdx4;Hspe1;Phb;Ywhaq;Snrpd3;Cul1;Ywhae;Lsm7;Xrcc6;Psmd3;Cstf2;Ranbp1;Fbl;Txnl4a;Ssbp1;Ube2l3
prerank,Interferon Alpha Response,-0.4979841262081083,-1.8092702280307373,0.0,0.003608007448789572,0.008,34/87,11.81%,Cmpk2;Rnf31;Parp9;Ifitm1;Rsad2;Ifitm3;Irf7;Parp14;Isg15;Parp12;Gbp2;Ripk2;Ncoa7;Eif2ak2;Psma3;Samd9l;Txnip;Ube2l6;Ifi27;Sell;Isg20;Batf2;Ifit2;Ifit3;Ifi35;Usp18;Plscr1;Trim26;Lap3;Cxcl10;Bst2;Stat2;Rtp4;Tap1
prerank,Unfolded Protein Response,-0.4710418761324429,-1.8256089074290993,0.0,0.004329608938547487,0.008,33/106,15.02%,Paip1;Nop56;Cnot6;Dnaja4;Srprb;Ifit1;Cks1b;Kif5b;Dcp2;Slc30a5;Nolc1;Npm1;Ssr1;Eif4ebp1;Slc1a4;Tubb2a;Herpud1;Eif4e;Dkc1;Mthfd2;Rps14;Rrp9;Ccl2;Cnot4;Pdia6;Fkbp14;Eif4g1;Khsrp;Hspa5;Cebpg;Exosc2;Imp3;Nfya
prerank,Allograft Rejection,-0.4090277516455569,-1.6925150622062253,0.0,0.006185155626496409,0.016,50/157,13.27%,Ccl7;Prf1;Map3k7;Ube2n;Irf7;C2;Ccl5;Rpl39;Npm1;Ube2d1;Cxcl9;Mmp9;Gbp2;Eif3a;Zap70;Ltb;Il2rg;Ripk2;Ly86;Traf2;Jak2;Ncf4;Cd7;Il10;Ifngr2;Cd4;Rps9;Socs1;Itgal;Nck1;Il16;Abce1;Igsf6;Acvr2a;Tpd52;Rpl9;Ifngr1;Ccl2;Cdkn2a;Ncr1;Itgb2;Tap1;Rps19;Stat1;Ets1;St8sia4;Fcgr2b;Flna;Eif3d;B2m
prerank,Myc Targets V2,-0.47138306940916486,-1.6617943795673915,0.0,0.007216014897579143,0.024,24/58,13.11%,Bysl;Nop56;Rrp12;Slc29a2;Farsa;Aimp2;Nolc1;Npm1;Hspd1;Pa2g4;Grwd1;Noc4l;Tcof1;Ppan;Nip7;Rabepk;Rrp9;Ddx18;Nop16;Cbx3;Pes1;Wdr43;Prmt3;Dctpp1
prerank,mTORC1 Signaling,-0.39666899928897903,-1.652441984757822,0.0,0.007576815642458101,0.028,50/187,13.90%,Ccng1;Slc2a1;Cdkn1a;Stip1;Fdxr;Pgm1;Sc5d;Fgl2;Cct6a;Rrm2;Abcf2;Psmc6;Nampt;Hspd1;Ssr1;Tes;Slc1a4;Ppa1;Psma3;Shmt2;Cd9;Cacybp;Pitpnb;Idh1;Adipor2;Eef1e1;Psmg1;Mllt11;Hmgcr;Psma4;Lta4h;Gsr;Rpn1;Mthfd2;Tcea1;Psmb5;Rrp9;Slc2a3;Cxcr4;Psme3;Add3;Serpinh1;Eif2s2;Itgb2;Ifrd1;Hspa5;Elovl5;Gtf2h1;Stard4;Ube2d3
prerank,PI3K/AKT/mTOR  Signaling,-0.42979633025853375,-1.6705644619853859,0.0,0.008118016759776536,0.024,24/100,10.88%,Pten;Slc2a1;Ripk1;Cdkn1a;Pak4;Map3k7;Cdkn1b;Nod1;Ube2n;Myd88;Ptpn11;Il2rg;Mapk8;Traf2;Arf1;Adcy2;Eif4e;Mknk2;Cdk2;Nck1;Itpr2;Cxcr4;Stat2;Csnk2b
prerank,E2F Targets,-0.38342158447152036,-1.6056880476026163,0.0,0.009840020314880649,0.04,51/190,16.31%,Nop56;Cdkn1a;Cdkn1b;Rad1;Gspt1;Cks1b;Cdkn3;Asf1a;Cit;Atad2;Rrm2;Dck;Usp1;Nolc1;Smc3;Pa2g4;Ing3;Mki67;Top2a;Gins3;Spc25;Racgap1;Mcm6;Pold3;Lyar;Melk;Dnmt1;Lig1;Cdc20;Kif22;Mthfd2;Pttg1;Hmmr;Timeless;Slbp;Cdkn2a;Birc5;Msh2;Ctcf;Psip1;Ipo7;Hus1;Bub1b;Dctpp1;Lmnb1;Ccp110;Prdx4;Tubg1;Snrpb;Brms1l;Paics
prerank,IL-6/JAK/STAT3 Signaling,-0.39125071304782916,-1.4376287278600788,0.028985507246376812,0.04059008379888268,0.168,24/81,10.79%,Ccl7;Il1r2;Ptpn1;Cd36;Cbl;Myd88;Cd44;Ptpn11;Cxcl9;Tnfrsf1b;Ltb;Il2rg;Cd9;Cd38;Ifngr2;Hax1;Osmr;Hmox1;Socs1;Itga4;Map3k8;Cxcl10;Stat2;Ifngr1
prerank,Apoptosis,-0.3519642595894559,-1.4004326864254821,0.0,0.05578534593897722,0.236,34/152,12.11%,Rnasel;Ifnb1;Pdcd4;Plat;Cdkn1a;Prf1;Ppp2r5b;Cdkn1b;Fdxr;Sc5d;Ifitm3;Tnfsf10;Crebbp;Fez1;Cd44;Retsat;Plcb2;Top2a;Lum;Cd38;Txnip;Dnm1l;Lgals3;Isg20;Hmox1;Cdk2;Gsr;Rara;Gsn;Hgf;Ifngr1;Mgmt;Tap1;Psen1
prerank,Mitotic Spindle,-0.3142052432726322,-1.3468799945623966,0.027777777777777776,0.06562063547486034,0.34,42/195,16.02%,Sos1;Rasa2;Apc;Kif5b;Kif20b;Arfgef1;Kif1b;Kif11;Rapgef5;Smc3;Tubgcp3;Dynll2;Stau1;Top2a;Pcnt;Abl1;Numa1;Racgap1;Cntrl;Kif23;Alms1;Kif22;Nck1;Gsn;Ttk;Cdc27;Pcgf5;Cttn;Birc5;Notch2;Sac3d1;Fgd4;Myh9;Csnk1d;Flna;Actn4;Lmnb1;Rock1;Tbcd;Ralbp1;Cenpf;Cyth2
prerank,Pperoxisome,-0.35999133956744583,-1.3496775048883585,0.029850746268656716,0.06855214152700187,0.332,13/90,6.40%,Slc25a19;Hsd17b11;Acsl1;Eci2;Ywhah;Retsat;Mvp;Pex5;Abcd1;Cat;Top2a;Idh1;Hmgcl
prerank,Adipogenesis,-0.3192426646229413,-1.35272254696301,0.0,0.07267557861133281,0.328,46/191,17.46%,Arl4a;Pdcd4;Pim3;Tob1;Cd36;Pgm1;Ptcd3;Ubqln1;Idh3g;Rab34;Dgat1;Angptl4;Gpat4;Retsat;Cat;Idh1;Adipor2;Stom;Rmdn3;Aifm1;Apoe;Cmpk1;Hibch;Prdx3;Dhrs7;Adcy6;Gpam;Map4k3;G3bp2;Ifngr1;Mgst3;Aldh2;Itih5;Scarb1;Atl2;Slc27a1;Sdhb;C3;Taldo1;Gpx3;Cavin1;Scp2;Sqor;Gpx4;Acly;Fzd4
prerank,p53 Pathway,-0.3090018097493569,-1.3170101566572108,0.023809523809523808,0.07704157081827145,0.388,44/188,14.71%,Ccng1;Cdkn1a;Aen;Iscu;Zfp36l1;Fdxr;Tob1;Dnttip2;Ninj1;Rack1;Rad9a;Xpc;Mxd1;Cgrrf1;Slc35d1;Retsat;Rnf19b;Cyfip2;Mdm2;Txnip;Stom;Pom121;Rps12;Hmox1;Mknk2;Socs1;Foxo3;Rrp8;Csrnp2;Kif13b;Rap2b;Sesn1;Zmat3;Slc3a2;Cdkn2a;Gm2a;Tap1;S100a4;Prmt2;Mapkapk3;Ip6k2;Nudt15;Ctsd;Ccp110
prerank,Fatty Acid Metabolism,-0.3123658209159627,-1.2941479689346673,0.057692307692307696,0.08899751707014276,0.452,47/145,21.61%,Hsd17b11;Cd36;Metap1;Acsl1;Eci2;Ywhah;Idh3g;Hsdl2;Hsph1;Retsat;Etfdh;Acat2;Urod;Idh1;Ube2l6;Hmgcl;Adipor2;G0s2;Hibch;Il4i1;Pcbd1;Lgals1;Fmo1;Alad;Apex1;Cpox;Cbr1;Ostc;Elovl5;Hccs;Sms;Cpt1a;Ptprg;Uros;Bphl;Fasn;Acadm;Erp29;Rdh11;Cpt2;Slc22a5;Reep6;Hsp90aa1;Gcdh;Nbn;Sucla2;Serinc1
prerank,Inflammatory Response,-0.30103623872253715,-1.2777779575183257,0.023255813953488372,0.09798588650396942,0.492,42/182,12.22%,Ccl7;Pde4b;Cdkn1a;Ifitm1;Irf7;Tnfsf10;Gp1ba;Ccl5;Slc31a2;Ptger4;Kif1b;Mxd1;Slc7a1;Cxcl9;Nampt;Tnfrsf1b;Axl;Ripk2;Ptafr;Eif2ak2;Nfkbia;Msr1;Il10;Ifngr2;Adm;Sell;Osmr;Atp2b1;Il10ra;Pvr;Ccl17;Acvr2a;Cxcl10;Bst2;Slc31a1;Ccl2;Clec5a;Gpr132;Rtp4;Adora2b;Psen1;Adgre1
prerank,DNA Repair,-0.30741623282672564,-1.2635510737311832,0.0196078431372549,0.10336941340782123,0.504,33/139,16.61%,Cmpk2;Pde4b;Xpc;Tmed2;Nt5c;Srsf6;Nelfb;Zwint;Polr2f;Pold3;Pom121;Gtf3c5;Clp1;Lig1;Polr2e;Guk1;Adcy6;Aaas;Taf1c;Sac3d1;Ercc1;Rfc4;Gtf2h3;Polr1c;Impdh2;Gtf2h1;Ercc8;Polr2k;Polr2d;Rbx1;Taf6;Gtf2a2;Snapc5
prerank,UV Response Dn,-0.29142665030026155,-1.1987898754954762,0.07317073170731707,0.17009177972865125,0.68,26/137,11.98%,Pten;Rasa2;Phf3;Cdkn1b;Rnd3;Mrps31;Anxa2;Nr1d2;Spop;Celf2;Aggf1;Dyrk1a;Slc7a1;Atrx;Plcb4;Atp2b1;Kalrn;Syne1;Dlc1;Acvr2a;Add3;Mgmt;Notch2;Adora2b;Mapk14;Cdk13
prerank,IL-2/STAT5 Signaling,-0.2754799049782535,-1.160875194750003,0.020833333333333332,0.21795644997460642,0.812,26/182,10.79%,Arl4a;Slc29a2;Il1r2;Amacr;Ahnak;Fgl2;Ifitm3;Tnfsf10;Cd44;Mxd1;Tnfrsf1b;Ltb;Prkch;Il10;Galm;Sell;Socs1;Il10ra;Cdc6;Plscr1;Map3k8;Penk;Slc2a3;Hopx;Cxcl10;Ifngr1
prerank,Myogenesis,0.3903439323626985,1.4261336725257294,0.0049504950495049506,0.37069323370693236,0.556,36/176,14.10%,Clu;Ppfia4;Pfkm;Myom1;Fxyd1;Tnnt2;Dmpk;Igfbp3;Ptgis;Hrc;Myl7;Fdps;Mybph;Ldb3;Ckb;Klf5;Sgca;Mylpf;Itga7;Mapre3;Cdh13;Nqo1;Ctf1;Actn2;Hbegf;Myoz1;Myl4;Cacng1;Gja5;Kifc3;Atp2a1;Ckm;Fgf2;Tnnt3;Schip1;Myog
prerank,KRAS Signaling Dn,0.34476159593443656,1.2435397862821558,0.09473684210526316,0.4006641760066418,0.984,59/145,29.60%,Celsr2;Egf;Edn1;Scn10a;Ntf3;Gpr19;Tnni3;Oxt;Lfng;Zc2hc1c;Atp4a;Nr6a1;Slc5a5;Pkp1;Klk7;Slc38a3;Cdh16;Cacng1;Cpb1;Dtnb;Tg;Tgfb2;Atp6v1b1;Ckm;Sptbn2;Ngb;Adra2c;Cntfr;Edar;Myh7;Btg2;Msh5;Itgb1bp2;Ptprj;Lgals7;Htr1d;Plag1;Serpina10;Chst2;Fggy;Cd207;Magix;Nrip2;Ypel1;Fgfr3;Coq8a;Abcg4;Tcf7l1;Arhgdig;Pax3;Alox12b;Ccdc106;Wnt16;Efhd1;Tfcp2l1;Abcb11;Ptgfr;Igfbp2;Lypd3
prerank,Cholesterol Homeostasis,0.3810416821143508,1.2158000665862514,0.13872832369942195,0.4048706240487062,0.988,7/65,6.84%,Clu;Actg1;Fdps;Sema3b;Trib3;Nsdhl;Atxn2
prerank,Epithelial Mesenchymal Transition,0.3282275399746233,1.177455171534444,0.11165048543689321,0.4557611338433256,0.992,40/178,21.25%,Mgp;Sat1;Cdh6;Slit2;Pcolce2;Fbn1;Igfbp3;Nid2;Wipf1;Col11a1;Myl9;Fbln2;Fbln5;Col16a1;Col5a1;Lrp1;Mest;Gpx7;Gem;Pfn2;Msx1;Mfap5;Pdgfrb;Fgf2;Htra1;Jun;Pthlh;Gja1;Tnfaip3;Sntb1;Col5a2;Eln;Acta2;Tgfbr3;Bgn;Vegfc;Tfpi2;Gpc1;Col6a2;Tgfb1
prerank,Oxidative Phosphorylation,-0.2509262778236655,-1.0391530674527452,0.358974358974359,0.4729627155695895,0.976,40/178,18.11%,Timm9;Iscu;Oxa1l;Pdhx;Slc25a20;Idh3g;Nqo2;Acadsb;Retsat;Etfdh;Abcb7;Mtrr;Ndufs1;Mrps22;Idh1;Aifm1;Polr2f;Mrps30;Mrps11;Fdx1;Prdx3;Uqcrfs1;Cox7a2l;Ndufc1;Ndufa2;Mgst3;Cox10;Vdac1;Ndufa6;Sdhb;Hccs;Pdp1;Cpt1a;Isca1;Maob;Gpx4;Aldh6a1;Acadm;Mfn2;Mrps12
prerank,UV Response Up,0.35070960358049724,1.2468530251723207,0.13114754098360656,0.4860419261104193,0.984,8/137,5.08%,Fosb;Ppif;Ptprd;Nptxr;Prkcd;Plcl1;Tacr3;Icam1
prerank,Spermatogenesis,-0.263102714830359,-1.019257966807456,0.4,0.4918435754189945,0.984,25/105,15.83%,Arl4a;Agfg1;Tle4;Cdkn3;Gmcl1;Dbf4;Il12rb2;Art3;Tsn;Psmg1;Clgn;Phkg2;Hspa2;Cct6b;Jam3;Ip6k1;Ttk;Rfc4;Alox15;Prkar2a;Pias2;Rpl39l;Camk4;Taldo1;Lpin1
prerank,KRAS Signaling Up,-0.23697949822229536,-1.0110364195652422,0.44,0.5004028792436613,0.988,27/176,11.79%,Plat;Btbd3;Cbx8;Snap25;Ano1;Cbl;Adam8;Tor1aip2;Angptl4;Mmp9;Tnfrsf1b;Il2rg;Spry2;Hsd11b1;Gabra3;G0s2;F13a1;Il10ra;Plvap;Cxcr4;Bpgm;Cpe;Cxcl10;Pcp4;Itgb2;Gng11;Cfh
prerank,Complement,-0.2402820343052444,-1.0216425163786744,0.35185185185185186,0.5046700418994413,0.984,38/166,15.01%,Plat;Usp15;Calm3;Cd36;Apoc1;Irf7;Gp1ba;C2;Ccl5;Src;Ctsh;Pik3ca;Dock10;Mmp8;Jak2;Brpf3;Lgals3;S100a9;S100a13;Ehd1;Anxa5;Lta4h;Fdx1;Plscr1;C1qc;Lap3;Mt3;Ctsl;Cfh;Psen1;C1qa;Gca;Hspa5;Csrp1;Ctsd;Fn1;Cfb;C3
prerank,Estrogen Response Early,0.2997972218964039,1.091183377061261,0.31216931216931215,0.6101540519348739,1.0,37/176,18.94%,Ppif;Hes1;Myc;Kcnk5;Celsr2;Igf1r;Syngr1;Sema3b;Foxc1;Wwc1;Klf10;Klf4;Slc7a2;Pgr;Cbfa2t3;Ttc39a;Lrig1;Myb;Frk;Tiparp;Sfn;Sec14l2;Klk10;Gja1;Tsku;Snx24;Greb1;Fos;Slc37a1;Bcl2;Cldn7;Fdft1;Adcy1;Rbbp8;Elf1;Rab31;Med24
prerank,Apical Junction,0.35054440543724014,1.252919483314116,0.10185185185185185,0.6158502836585029,0.98,40/170,15.99%,Actg1;Pecam1;Cd274;Cdh6;Slit2;Fbn1;Pcdh1;Actg2;Pik3r3;Nexn;Mapk13;Evl;Cdk8;Dmp1;Myl9;Msn;Cdh3;Col16a1;Icam1;Col17a1;Ikbkg;Mapk11;Shc1;Actn2;Pik3cb;Cntn1;Egfr;Flnc;Rac2;Mpzl2;Pard6g;Tro;Cdh1;Zyx;Nlgn2;Madcam1;Cldn18;Akt3;Crb3;Pfn1
prerank,Bile Acid Metabolism,0.3160407042511389,1.0957516001550967,0.3,0.6676914694894147,1.0,18/98,13.73%,Nedd4;Bcar3;Pfkm;Rbp1;Abca4;Gc;Idh2;Sult1b1;Aldh8a1;Dio2;Efhc1;Slc27a5;Bbox1;Bmp6;Gnmt;Abca2;Agxt;Abcd3
prerank,TNF-alpha Signaling via NF-kB,0.34903952998317017,1.2781816112349293,0.07462686567164178,0.7620900788709009,0.968,25/189,10.86%,Fosb;Hes1;Myc;Sat1;Tnf;Efna1;Ier3;Trib1;Tnfaip6;Irs2;Edn1;Gpr183;Ets2;Icam1;Klf10;Klf4;Cflar;Tnfaip2;Spsb1;Hbegf;Gem;Dusp5;Clcf1;Socs3;Tiparp
prerank,Pancreas Beta Cells,0.34470763481152666,1.0099848347078009,0.4880952380952381,0.7675572663119363,1.0,11/33,24.82%,Neurog3;Iapp;Elp4;G6pc2;Pcsk2;Syt13;Akt3;Nkx6-1;Neurod1;Slc2a2;Chga
prerank,Hypoxia,-0.2306232778701971,-0.914477585058014,0.717948717948718,0.7881491827022553,1.0,31/177,13.55%,Sap30;Slc2a1;Cdkn1a;Cdkn1b;Pgm1;Anxa2;Kdm3a;Angptl4;Noct;Plac8;Tes;B4galnt2;Adm;Isg20;Hmox1;Hexa;Fosl2;Foxo3;Slc2a3;Cxcr4;Tpd52;Gys1;Sdc3;Myh9;Adora2b;Ets1;S100a4;Tgfbi;Scarb1;Hspa5;Lxn
prerank,Coagulation,0.29628649749924785,1.0160094306522052,0.46153846153846156,0.8210460772104609,1.0,20/108,17.72%,Clu;A2m;Pecam1;Fbn1;Capn5;Dct;F12;Mmp15;Lrp1;Usp11;Ctse;Pdgfb;C8a;Htra1;Gda;Apoc3;Pros1;Mmp11;Maff;Olr1
prerank,Glycolysis,0.26564702760904274,0.9744697871681466,0.5380952380952381,0.8260083713850838,1.0,27/180,14.68%,Pkp2;Ppfia4;Ier3;Capn5;Igfbp3;Me1;Irs2;Vldlr;Cldn3;Gpr87;Nsdhl;Col5a1;Nanp;Chst4;Met;B4galt4;Ndufv3;Egfr;Cog2;Lct;Paxip1;Slc35a3;Galk2;B3gat1;Pgm2;Fbp2;Hs2st1
prerank,Estrogen Response Late,0.24149931353162554,0.8951212466622746,0.7064676616915423,0.8753355472533555,1.0,14/172,8.30%,Ppif;Llgl2;Kcnk5;Celsr2;Atp2b4;Mapk13;Ckb;Sema3b;Foxc1;Idh2;Scube2;Klf4;Mest;Pgr
prerank,Notch Signaling,0.3318035353684844,0.9352908226179871,0.5664739884393064,0.883657438451959,1.0,6/31,10.37%,Hes1;Lfng;Dtx1;Dll1;Arrb1;Notch3
prerank,Xenobiotic Metabolism,0.25166701147509307,0.9113760654261196,0.6701570680628273,0.8901144517582874,1.0,41/165,21.72%,Gss;Pdk4;Epha2;Aox1;Fbp1;Vnn1;Mccc2;Dhps;Ets2;Ddah2;Acox1;Cndp2;Nqo1;Acsm1;Spint2;Pmm1;Tdo2;Gnmt;Tgfb2;Bcat1;Ptgr1;Pycr1;Cyp1a2;Slc1a5;Adh7;Mpp2;Smox;Dhrs1;Pros1;Lcat;Gart;Csad;Acp1;Jup;Il1r1;Nmt1;Gstt2;Atoh8;Tmem176b;Hsd17b2;Gch1
prerank,Androgen Response,-0.20450828887797837,-0.7828579921446114,0.9076923076923077,0.9568435754189943,1.0,15/88,13.27%,Rrp12;Appbp2;Dbi;Pa2g4;Cdk6;Cenpn;Hmgcr;Tnfaip8;Gsr;Abhd2;Tpd52;Sgk1;Ube2j1;Elovl5;B2m
prerank,Angiogenesis,-0.2572666076064066,-0.8236691348917764,0.7464788732394366,0.9706828611332802,1.0,12/32,27.53%,Vtn;Lum;Jag1;S100a4;Lrpap1;Pf4;Pglyrp1;Prg2;Kcnj8;Fgfr1;Apoh;App
prerank,Protein Secretion,-0.20250903620823654,-0.7962426330089862,0.9473684210526315,0.9764014640724331,1.0,15/92,11.14%,Arfgef1;Kif1b;Tmed2;Golga4;Arf1;Ap1g1;Stam;Dnm1l;Napg;Cope;Vps45;Ap3s1;Tpd52;Arfgap3;Mon2
prerank,Apical Surface,0.23515184832772892,0.6718241722437678,0.9411764705882353,0.9814238273142383,1.0,13/36,35.21%,Ephb4;Slc34a3;Crocc;Scube1;Mdga1;Pcsk9;Tmem8b;Lypd3;Gata3;Lyn;Crybg1;Brca1;Atp8b1
prerank,Reactive Oxygen Species Pathway,-0.19064208266462077,-0.6382657684885981,0.9882352941176471,0.9937150837988827,1.0,22/46,31.30%,Cat;Gsr;Ptpa;Ndufa6;Txnrd1;Prdx4;Gpx3;Gpx4;Lamtor5;Gclm;Sod1;Prdx1;Egln2;Scaf4;Glrx;Ipcef1;Stk25;Mpo;Prdx6;Lsp1;Msra;Prnp
prerank,TGF-beta Signaling,0.24611852371611043,0.7296107252104738,0.8855421686746988,1.0,1.0,5/53,8.92%,Bcar3;Id3;Klf10;Bmpr1a;Smurf1
prerank,Wnt-beta Catenin Signaling,0.2508414484704436,0.7280480448414879,0.8920454545454546,1.0,1.0,1/38,0.11%,Myc
prerank,Hedgehog Signaling,0.26032517062931454,0.7418761568436341,0.8208092485549133,1.0,1.0,7/33,20.88%,Vldlr;Ets2;Gli1;Nrcam;Cntfr;Nkx6-1;Slit1
