sample_id,cohort,condition,sig_Interferon-Responsive (IRM),sig_Homeostatic Mature,sig_Phagocytic / DAM,sig_Cycling / Proliferating,isg_raw_score,lineage_pan_score,isg_to_lineage_ratio
A2M_GF_Male_RHM5558,GSE107925,perturbed,5.43520763880713,12.409853904449122,9.948478717352437,3.6421790913933374,4.4483,12.9718,0.3429
A2M_GF_Male_RHM5559,GSE107925,perturbed,5.511739970245986,12.171439989525433,9.871196908749287,4.73537100862309,4.4184,12.6224,0.35
A2M_GF_Male_RHM5560,GSE107925,perturbed,5.870697068476847,11.825848135313546,9.852622911918624,4.455720668153067,4.6449,12.3816,0.3751
A2M_GF_Female_RHM5561,GSE107925,perturbed,6.099995323158062,11.575292066407025,9.394730765925505,5.239663868075188,5.0353,12.4238,0.4053
A2M_GF_Female_RHM5562,GSE107925,perturbed,6.207902638148585,11.483993673196935,9.609323774629894,5.126868689759501,5.0448,12.2127,0.4131
A2M_GF_Female_RHM5563,GSE107925,perturbed,5.995351877853746,11.550459604121336,9.400341920374636,5.281507343421461,5.0279,12.4324,0.4044
A2M_SPF_Male_RHM5564,GSE107925,reference,5.6403868258233985,12.31283688616644,10.0746214993554,3.3307519122705678,4.2835,12.8649,0.333
A2M_SPF_Female_RHM5565,GSE107925,reference,6.295490377142423,11.161067101715513,9.239401582783884,5.800598418407977,5.3061,11.6727,0.4546
A2M_SPF_Female_RHM5566,GSE107925,reference,6.27200630878802,11.020067913891882,9.555728362234866,5.61335875092194,5.2215,11.6167,0.4495
A2M_SPF_Male_RHM5567,GSE107925,reference,6.218987097092774,12.12348403075392,9.933230822324374,3.6766902335029905,4.904,13.0294,0.3764
A2M_SPF_Female_RHM5568,GSE107925,reference,6.147632589269925,12.223734311921191,10.347778150744714,2.972065758510645,4.6319,13.008,0.3561
A2M_SPF_Male_RHM5571,GSE107925,reference,5.963013881426351,12.149762654855419,9.701991490707444,2.7203014207195975,4.9115,13.0484,0.3764
A2M_SPF_Male_RHM5572,GSE107925,reference,5.78721286801631,12.095237917964013,9.67433853431277,4.221592384732494,5.0007,12.8313,0.3897
A2M_GF_Male_RMM035,GSE107925,perturbed,5.543559389058757,12.319555772398568,10.290300221639177,2.5901723969685295,4.1935,12.1873,0.3441
A2M_GF_Male_RMM036,GSE107925,perturbed,5.547743280586921,12.296374438852014,10.236095519290323,2.257810630512521,4.3176,12.1696,0.3548
A2M_GF_Male_RMM037,GSE107925,perturbed,5.555677450907912,12.057214382723611,10.329425120670363,2.40675043900373,4.247,12.0693,0.3519
A2M_GF_Female_RMM038,GSE107925,perturbed,5.720825547811538,11.78785015840839,9.945124500027307,3.8405954630573613,4.3456,11.9686,0.3631
A2M_GF_Female_RMM039,GSE107925,perturbed,5.642139266680213,11.800031552700721,9.946318431796426,3.732373967530552,4.2076,11.9565,0.3519
A2M_GF_Female_RMM040,GSE107925,perturbed,5.839404900220539,11.795138294432746,9.884441464940123,3.770931264869628,4.5409,11.912,0.3812
A2M_SPF_Female_RMM041,GSE107925,reference,5.440684312589356,12.014217251876026,9.632248868727707,2.23940204247001,4.0426,12.0583,0.3353
A2M_SPF_Male_RMM042,GSE107925,reference,5.6833727078751615,12.189358191506459,10.173427481918587,3.3534046708732084,4.3619,12.1085,0.3602
A2M_SPF_Male_RMM043,GSE107925,reference,5.423643235780671,12.251293635068535,10.260539025992951,1.3888869350387845,4.089,12.0204,0.3402
A2M_SPF_Female_RMM044,GSE107925,reference,5.800596848245647,11.790196208472699,9.896627605687716,3.4573977159313523,4.4298,11.8154,0.3749
A2M_SPF_Female_RMM045,GSE107925,reference,5.856269363357706,11.819710822126583,9.915230320219564,3.41710968153101,4.4123,11.8236,0.3732
A2M_SPF_Male_RMM046,GSE107925,reference,6.0280842515788455,11.39824707420214,10.425462221795826,3.234172356248747,4.4663,11.3025,0.3952
2_CTR_F1_2017_454,GSE108045,reference,5.403029978666393,11.763415073308698,10.14619189144829,2.0565428180847802,3.9494,12.3167,0.3207
2_CTR_F2_2017_455,GSE108045,reference,5.559945753187316,11.723854614031683,10.1689664301222,2.1449247452873266,4.1854,12.2632,0.3413
2_CTR_F3_2017_456,GSE108045,reference,5.572688307593499,11.705704244753354,10.240471125918036,2.4110291757595186,4.2165,12.2569,0.344
2_CTR_M1_2017_457,GSE108045,reference,5.687332892198471,11.745477826811918,10.163529322643063,2.6653253493791116,4.3548,12.1993,0.357
2_CTR_M2_2017_458,GSE108045,reference,5.588148101261913,11.673035051695445,10.092327723941882,2.2517357472457267,4.2067,12.268,0.3429
2_CTR_M3_2017_459,GSE108045,reference,5.640600290401968,11.68768373540987,10.219134379879693,2.467632533625278,4.3236,12.3216,0.3509
2_ABX_M1_2017_460,GSE108045,perturbed,5.531973016160763,11.795857187818621,10.148313644724512,2.1942469960394413,4.1003,12.2154,0.3357
2_ABX_F2_2017_461,GSE108045,perturbed,5.506383392128045,11.786866913209751,10.219100531320718,1.8557191594755376,4.0849,12.1543,0.3361
2_ABX_F3_2017_462,GSE108045,perturbed,5.30696532579559,11.841030857511589,10.20866793330675,1.8955644213865908,3.8089,12.2202,0.3117
2_ABX_F1_2017_463,GSE108045,perturbed,5.399636309277551,11.616675716784247,10.23986364324547,0.13687297548235267,3.984,12.3492,0.3226
2_ABX_M2_2017_464,GSE108045,perturbed,5.579566114172093,11.795212547474591,10.150124809097452,1.4693853356964397,4.3253,12.134,0.3565
2_ABX_M3_2017_465,GSE108045,perturbed,5.341518360490326,11.806903354521511,10.190845292971256,2.328457113450507,3.9313,12.1221,0.3243
S_2828,GSE186210,perturbed,4.810133204727828,11.457147306812303,10.013815706747751,1.0481604154545952,2.8812,11.5036,0.2505
S_2829,GSE186210,perturbed,4.700943914234094,11.50959122466543,10.01417340249362,1.1534626727350874,3.0064,11.4832,0.2618
S_2831,GSE186210,perturbed,5.115143648203775,11.307678006827333,9.630105080097056,1.5156788331336981,3.4603,11.4884,0.3012
S_2841,GSE186210,perturbed,5.356236372909903,11.66289628708665,10.031381977942416,2.0771637747812695,3.614,11.9627,0.3021
S_2844,GSE186210,reference,5.383569598448871,11.42150508941346,9.689540999441826,1.863881298873552,3.6915,11.5169,0.3205
S_2972,GSE186210,reference,5.637823484305559,11.67909731888265,10.066037076614617,1.9249811252581608,3.8691,11.6561,0.3319
S_2975,GSE186210,reference,5.1274543551727785,11.70130072287485,9.730825625627514,2.04254597958115,3.8056,11.7046,0.3251
S_2979,GSE186210,reference,5.391763006953958,11.745301406861355,10.097219216304323,1.1457713499528912,3.5307,11.7396,0.3008
S_2991,GSE186210,perturbed,5.04825612308121,11.509168800685549,9.802595840958269,1.7037135638171856,3.3503,11.6936,0.2865
S_2992,GSE186210,perturbed,4.7381416183694585,11.507910608057294,9.883467217963593,0.7760242717708357,2.9022,11.7625,0.2467
S_3005,GSE186210,reference,5.1438901838052855,11.555916352853622,10.014064739579128,2.146516900996476,3.4598,11.8398,0.2922
S_3006,GSE186210,reference,4.705034859530086,11.536327735361906,9.871426687726657,1.9805030402028494,2.8941,11.7864,0.2455
S_3011,GSE186210,reference,6.534571717587572,11.545978775253786,9.781193498838627,2.6615330114157714,5.009,11.4835,0.4362
S_3012,GSE186210,reference,5.848825712780055,11.551527193223228,10.171412742954166,2.0510923873909674,4.0635,11.6514,0.3488
ABX_Sham1,GSE266602,perturbed,4.55053301509264,2.813508114400884,3.7867793372979266,2.3825862117783996,5.3968,5.3325,1.0121
ABX_Sham2,GSE266602,perturbed,4.121957998289697,3.5847660708371554,3.983137418091247,2.5989328322962746,5.3092,5.5369,0.9589
ABX_Sham3,GSE266602,perturbed,3.531741274784261,2.548291951746686,3.350613816367448,4.122834696416404,4.3742,5.8141,0.7523
GF_Sham1,GSE266602,perturbed,4.240870115046882,3.753659289286127,3.97851188186498,0.2510407857185164,6.9149,9.4796,0.7295
GF_Sham2,GSE266602,perturbed,3.8759383041939963,2.835788516136,3.739774258642951,1.9890766759768133,5.0348,5.675,0.8872
GF_Sham3,GSE266602,perturbed,4.584813975877567,4.133046296542907,3.890215064930792,3.1060121323695378,6.1969,6.344,0.9768
SPF_Sham1,GSE266602,reference,3.9572495736127635,2.721872471632188,3.901364388454461,4.671007687595281,4.3044,6.1136,0.7041
SPF_Sham2,GSE266602,reference,3.149362134240712,2.717159101099231,2.8709335899728297,3.117060182345009,5.18,6.1414,0.8435
SPF_Sham3,GSE266602,reference,3.8405429049946997,1.345922531078441,2.800544903279988,2.721711710648614,3.9614,4.9754,0.7962
