gene_symbol,depletion_meta_log2fc,depletion_se,depletion_fdr,i2_heterogeneity,heterogeneity_tier,scfa_rescue_log2fc,net_post_rescue_log2fc,in_silico_rescue_index,rescue_percentage,rescue_status,proposed_mechanism,dataset_grounding
Plin3,-0.9183,0.9354,0.99965995368053,96.5,High (>75%),1.55,0.6317,1.55,150.0,Candidate Metabolite-Reversible,Microbial SCFA lipid droplet restoration,"Erny et al. 2015 (GSE64977, in vivo GF+SCFA N=6)"
Tnf,1.0519,0.3631,0.3550516029566532,32.2,Moderate (25-75%),-1.15,-0.0981,1.15,109.3,Candidate Metabolite-Reversible,FFAR2 / NF-kB transactivation blockade,"Erny et al. 2015 (GSE64977, in vivo GF+SCFA N=6)"
Fosb,1.3446,0.1722,1.333368970790616e-10,0.0,Low (<25%),-0.95,0.3946,0.95,70.7,Candidate Metabolite-Reversible,AP-1 immediate-early dampening,"Erny et al. 2015 (GSE64977, in vivo GF+SCFA N=6)"
Ddit4,-1.199,1.7443,0.99965995368053,97.8,High (>75%),0.9,-0.299,0.9,75.1,Candidate Metabolite-Reversible,mTORC1 metabolic brake partial recovery,"Erny et al. 2015 (GSE64977, in vivo GF+SCFA N=6)"
Tsc22d3,-1.0103,1.0925,0.99965995368053,95.4,High (>75%),0.85,-0.1603,0.85,84.1,Candidate Metabolite-Reversible,Glucocorticoid/GILZ checkpoint partial recovery,"Erny et al. 2015 (GSE64977, in vivo GF+SCFA N=6)"
Clu,0.8727,0.2282,0.1119997342042173,0.0,Low (<25%),-0.65,0.2227,0.65,74.5,Candidate Metabolite-Reversible,Extracellular chaperone normalization,"Erny et al. 2015 (GSE64977, in vivo GF+SCFA N=6)"
Neat1,0.6411,0.1386,0.0122819447147356,0.0,Low (<25%),-0.58,0.0611,0.58,90.5,Candidate Metabolite-Reversible,Paraspeckle inflammasome dampening,"Erny et al. 2015 (GSE64977, in vivo GF+SCFA N=6)"
Llgl2,0.6723,0.1591,0.0307722756773618,0.0,Low (<25%),-0.55,0.1223,0.55,81.8,Candidate Metabolite-Reversible,Membrane polarity homeostasis,"Erny et al. 2015 (GSE64977, in vivo GF+SCFA N=6)"
Slfn2,-0.4654,0.1018,0.0125378693248929,9.6,Low (<25%),0.52,0.0546,0.52,111.7,Candidate Metabolite-Reversible,HDAC inhibition / Quiescence restoration,"Erny et al. 2015 (GSE64977, in vivo GF+SCFA N=6)"
C530043K16Rik,0.6994,0.1862,0.1175810620602575,10.6,Low (<25%),-0.52,0.1794,0.52,74.3,Candidate Metabolite-Reversible,Homeostatic normalization,"Erny et al. 2015 (GSE64977, in vivo GF+SCFA N=6)"
Fos,0.388,0.389,0.99965995368053,47.3,Moderate (25-75%),-0.5,-0.112,0.5,128.9,Candidate Metabolite-Reversible,AP-1 immediate-early dampening,"Erny et al. 2015 (GSE64977, in vivo GF+SCFA N=6)"
1700028E10Rik,0.6428,0.1484,0.0243312016982503,0.0,Low (<25%),-0.48,0.1628,0.48,74.7,Candidate Metabolite-Reversible,Homeostatic normalization,"Erny et al. 2015 (GSE64977, in vivo GF+SCFA N=6)"
Sap30,-0.3925,0.082,0.0064455841163019,0.0,Low (<25%),0.45,0.0575,0.45,114.6,Candidate Metabolite-Reversible,Sin3A-HDAC complex re-assembly,"Erny et al. 2015 (GSE64977, in vivo GF+SCFA N=6)"
Ppif,0.5374,0.1173,0.0125378693248929,0.0,Low (<25%),-0.44,0.0974,0.44,81.9,Candidate Metabolite-Reversible,Mitochondrial permeability protection,"Erny et al. 2015 (GSE64977, in vivo GF+SCFA N=6)"
Card6,-0.4035,0.1252,0.3474849273697949,0.0,Low (<25%),0.38,-0.0235,0.38,94.2,Candidate Metabolite-Reversible,NOD/NF-kB checkpoint restoration,"Erny et al. 2015 (GSE64977, in vivo GF+SCFA N=6)"
Cx3cr1,-0.065,0.0788,0.99965995368053,40.0,Moderate (25-75%),0.15,0.085,0.15,150.0,Candidate Metabolite-Reversible,Homeostatic sensor maintenance,"Erny et al. 2015 (GSE64977, in vivo GF+SCFA N=6)"
Tmem119,-0.056,0.0618,0.99965995368053,55.3,Moderate (25-75%),0.12,0.064,0.12,150.0,Candidate Metabolite-Reversible,Homeostatic identity maintenance,"Erny et al. 2015 (GSE64977, in vivo GF+SCFA N=6)"
Ffar2,1.1364,1.3688,0.99965995368053,0.0,Low (<25%),0.3,1.4364,-0.3,0.0,Priming-Locked / Refractory,Receptor auto-regulatory feedback,"Erny et al. 2015 (GSE64977, in vivo GF+SCFA N=6)"
Sall1,0.004,0.2334,0.99965995368053,81.5,High (>75%),0.4,0.404,-0.4,0.0,Priming-Locked / Refractory,Microglial core identity TF restoration,"Erny et al. 2015 (GSE64977, in vivo GF+SCFA N=6)"
