tf_symbol,target_count,mean_target_log2fc,median_target_log2fc,activity_z_score,p_welch,p_mann_whitney,p_ks_test,p_fisher_overlap,sig_overlap_count,sig_overlap_genes,fdr_welch,fdr_mann_whitney,fdr_ks,fdr_fisher,regulon_status
Pitx3,5,1.1901,0.0306,3.14,0.42622793948627063,0.8452294665217472,0.810204103970829,1.0,0,,0.7350887652009594,0.9830381423766015,0.9593827455157021,1.0,Unchanged
Hnf4a,26,0.575,0.0743,2.847,0.10265101195462739,0.36126422590225493,0.41638547999333864,1.0,0,,0.3983305572587172,0.7454990095208381,0.7818655562641846,1.0,Unchanged
Snai2,13,-0.4035,-0.42,-2.838,0.015267712491641439,0.0014201154402355529,0.00015089053833267693,1.0,0,,0.15100301240810762,0.1689937373880308,0.017955974061588553,1.0,Unchanged
Foxp2,5,1.0516,0.5108,2.714,0.15659578398091478,0.015964671358784426,0.052310357328644655,1.0,0,,0.508224498919878,0.41713919606536526,0.5424210134622696,1.0,Unchanged
Irf1,40,-0.1132,-0.0474,-2.453,0.0009834704575164674,0.008306424982055388,0.11649213674069991,1.0,0,,0.03798389518388752,0.41713919606536526,0.5696944221428749,1.0,Repressed
Irf3,12,-0.3341,-0.0754,-2.396,0.005674151310562402,0.0007673645196592815,5.750711943982052e-05,1.0,0,,0.07234542920967062,0.13697456675918174,0.017955974061588553,1.0,Unchanged
Rbpj,15,-0.2736,0.0021,-2.357,0.08790766562449334,0.35483924516784926,0.3646384443701639,1.0,0,,0.37810887503547136,0.7364977356100127,0.7818655562641846,1.0,Unchanged
Hes1,7,-0.4575,-0.1334,-2.279,0.15636456133821616,0.056325169726314274,0.18658589201385267,1.0,0,,0.508224498919878,0.4824213097945281,0.6036698729443277,1.0,Unchanged
Msx1,8,0.754,0.6429,2.276,0.0788043852806805,0.0397711189265723,0.0843428533369428,1.0,0,,0.3751088739360392,0.47487625019051694,0.5681207290809166,1.0,Unchanged
Kat5,5,-0.5652,-0.1001,-2.257,0.20225603741056714,0.06990008362666913,0.06080774399885599,1.0,0,,0.5825016491973506,0.5052654383038486,0.5424210134622696,1.0,Unchanged
Klf5,12,-0.2935,-0.0928,-2.203,0.002654854200713358,0.0024464882625338394,0.014269970421536438,1.0,0,,0.04983139197029931,0.21834907743114518,0.38949992345728396,1.0,Repressed
Cdx2,19,0.5225,0.1173,2.119,0.1802263997084397,0.4850749444573689,0.3254835808365857,1.0,0,,0.5546622818613187,0.8050206674662008,0.754530119212085,1.0,Unchanged
Irf2,6,-0.4584,-0.2125,-2.113,0.06938154990844321,0.008024205685495396,0.027845289545379636,1.0,0,,0.35891418621883425,0.41713919606536526,0.43220732033480563,1.0,Unchanged
Sp7,11,0.6299,0.5266,2.103,0.08495159409461676,0.021032228373043627,0.06627392069587601,1.0,0,,0.37810887503547136,0.41713919606536526,0.5424210134622696,1.0,Unchanged
Klf8,7,-0.4069,-0.1822,-2.095,0.1748276270033021,0.06377610771769776,0.13238139831057527,1.0,0,,0.5475311857830858,0.5042011658628144,0.5718228813019459,1.0,Unchanged
Ctnnb1,44,0.396,0.1486,2.071,0.07180988441006658,0.036004473941983556,0.06022563292394756,1.0,0,,0.35891418621883425,0.47487625019051694,0.5424210134622696,1.0,Unchanged
Irf7,6,-0.4321,-0.2203,-2.024,0.10862598123113552,0.10278090211603351,0.17195895217227108,1.0,0,,0.4149817335728619,0.5055519168044755,0.5960130672378716,1.0,Unchanged
Creb1,68,-0.0079,-0.0133,-2.005,0.008293202192781944,0.04162654662576013,0.19615043490628015,1.0,0,,0.09868910609410514,0.47487625019051694,0.6036698729443277,1.0,Unchanged
Pou3f2,9,0.6499,0.4946,1.984,0.2409577844257525,0.10159545263904235,0.02442549285488238,1.0,0,,0.6225065416930329,0.5055519168044755,0.3979343911317308,1.0,Unchanged
Nfkbia,15,-0.2002,-0.0085,-1.966,0.026645706296694837,0.22921003006094276,0.3583058045429818,1.0,0,,0.18859655734531494,0.6599030704173917,0.7818655562641846,1.0,Unchanged
Nr5a1,14,0.548,0.3065,1.95,0.054508228029089646,0.012354499495649858,0.09879731674860293,1.0,0,,0.32219725247529934,0.41713919606536526,0.5696944221428749,1.0,Unchanged
Six1,10,0.611,0.2447,1.923,0.18900297041402492,0.11723302685633794,0.3166634373011723,1.0,0,,0.5631833850286954,0.5166937109594153,0.7441629757776133,1.0,Unchanged
Klf4,33,-0.0714,-0.0284,-1.899,0.027470647008281168,0.037602491427279325,0.06989178324723921,1.0,0,,0.18859655734531494,0.47487625019051694,0.5424210134622696,1.0,Unchanged
Id2,10,-0.2615,-0.2065,-1.872,0.012856468480177657,0.013453198388217538,0.0598233881421244,1.0,0,,0.13782481687996376,0.41713919606536526,0.5424210134622696,1.0,Unchanged
Nr2f2,10,0.5965,0.0451,1.859,0.32437740856293573,0.3934452771092146,0.5005936493743531,1.0,0,,0.6808237626846698,0.7766384073835892,0.8277563606317218,1.0,Unchanged
Prox1,10,0.5862,0.3172,1.815,0.11634021885318228,0.07130959949067442,0.1448349483228808,1.0,0,,0.42381079725087833,0.5052654383038486,0.5718228813019459,1.0,Unchanged
Rnf2,6,0.7068,0.0323,1.812,0.2962192332264376,0.4066268407599426,0.5170578947363416,1.0,0,,0.6709455722242958,0.7828090973832436,0.8277563606317218,1.0,Unchanged
Pax7,5,0.7514,0.3652,1.791,0.2803262264501661,0.20575105451224673,0.36417521770311634,1.0,0,,0.643309047666268,0.6485888174227328,0.7818655562641846,1.0,Unchanged
Nkx2-5,21,0.4492,0.0755,1.767,0.17899626910087013,0.17276271426616907,0.2669132309263881,1.0,0,,0.5546622818613187,0.59524573208922,0.6955330178154785,1.0,Unchanged
Myog,11,0.5528,0.1177,1.751,0.21374226925239967,0.37781864497442763,0.4677099121333089,1.0,0,,0.5825016491973506,0.7620409957958794,0.8103020565477707,1.0,Unchanged
Pou2f2,12,0.5252,0.0459,1.697,0.416584357933457,0.4742132533866783,0.6983734464212731,1.0,0,,0.7283195761222688,0.8023418552561334,0.9166151484279209,1.0,Unchanged
Crem,19,-0.1114,-0.0298,-1.68,0.019671173203480594,0.06817088484960294,0.04334421541832245,1.0,0,,0.17128314228396516,0.5052654383038486,0.5157961634780371,1.0,Unchanged
Lmx1b,5,0.7142,0.1394,1.677,0.44159004193180607,0.42237852635548734,0.7949397833660984,1.0,0,,0.7471452368230084,0.7828090973832436,0.9593827455157021,1.0,Unchanged
Irf4,10,-0.2167,-0.0214,-1.677,0.02215536035150435,0.11105100193889895,0.10252951666868537,1.0,0,,0.18168453309043137,0.5148728271712588,0.5696944221428749,1.0,Unchanged
Cdx1,7,-0.291,-0.0084,-1.673,0.1748418912584644,0.28263848218829823,0.5141860704582176,1.0,0,,0.5475311857830858,0.6887598627234292,0.8277563606317218,1.0,Unchanged
Foxd3,5,-0.3729,-0.5084,-1.666,0.02403113017793835,0.020662418119769696,0.06781494555282364,1.0,0,,0.18650246681573893,0.41713919606536526,0.5424210134622696,1.0,Unchanged
Vdr,27,-0.0641,-0.0338,-1.665,0.07339141622962157,0.09423793470597983,0.1624346706459524,1.0,0,,0.35891418621883425,0.5055519168044755,0.5741502714911387,1.0,Unchanged
E2f1,114,0.0558,-0.0171,-1.661,0.0032810908539505352,0.02416313665012884,0.013570622699968782,1.0,0,,0.053243156130015505,0.4540126202155788,0.38949992345728396,1.0,Unchanged
Sp1,391,0.1082,-0.0173,-1.65,0.09909604638051718,0.00048635329861574414,0.00012217256688824236,1.0,0,,0.39521439053059176,0.13697456675918174,0.017955974061588553,1.0,Unchanged
Dnmt3a,7,0.6192,0.0564,1.638,0.4752438638097346,0.6727582920532149,0.8966821649142661,1.0,0,,0.7698222253836724,0.9166973674160219,0.9675388994922685,1.0,Unchanged
Fosl2,10,0.5449,0.3363,1.635,0.15078620170167767,0.03920569841998005,0.07894672468018205,1.0,0,,0.508224498919878,0.47487625019051694,0.5526270727612743,1.0,Unchanged
Myf5,9,0.565,0.2031,1.634,0.24600484627869088,0.29928615662131053,0.2753701609299479,1.0,0,,0.6234541469542546,0.6916664557492719,0.7072456651222404,1.0,Unchanged
E2f3,12,-0.1733,-0.121,-1.63,0.0002628558690713373,0.009358080881031697,0.014720719430690199,1.0,0,,0.01563992420974457,0.41713919606536526,0.38949992345728396,1.0,Unchanged
Nr1i2,17,-0.1123,-0.0085,-1.594,0.002417844674835528,0.06501104868422952,0.09959790666622537,1.0,0,,0.04983139197029931,0.5042011658628144,0.5696944221428749,1.0,Unchanged
Sox10,11,-0.1804,-0.0218,-1.593,0.05739389419929637,0.16789281021955837,0.38110190740303784,1.0,0,,0.3252320671293461,0.59344290344933,0.7818655562641846,1.0,Unchanged
Gata6,8,0.5748,0.3772,1.579,0.2788132332336015,0.3525798315033364,0.12271504406727962,1.0,0,,0.643309047666268,0.7360877184017023,0.5718228813019459,1.0,Unchanged
Nfil3,9,0.5434,-0.0547,1.545,0.40481333764005295,0.8097520069458731,0.618511412308621,1.0,0,,0.7283195761222688,0.9604035431218495,0.8880455577000351,1.0,Unchanged
Ets2,23,-0.065,-0.0297,-1.543,0.0010639746550108549,0.09151052732790921,0.236605731764147,1.0,0,,0.03798389518388752,0.5055519168044755,0.6573844756572095,1.0,Unchanged
Rest,24,-0.0593,-0.0693,-1.538,0.05595582535985592,0.06637942519762542,0.04169443300776776,1.0,0,,0.32219725247529934,0.5042011658628144,0.5157961634780371,1.0,Unchanged
Hand2,6,-0.2878,-0.2347,-1.538,0.3290623776886158,0.2818756971655144,0.1596305791616538,1.0,0,,0.6808237626846698,0.6887598627234292,0.5718228813019459,1.0,Unchanged
Ets1,55,0.0189,-0.0261,-1.529,0.07117148243863754,0.04268613103285998,0.14628280514180914,1.0,0,,0.35891418621883425,0.47487625019051694,0.5718228813019459,1.0,Unchanged
Gli1,17,-0.0955,-0.0246,-1.499,0.026576865223774886,0.28965856206974727,0.25702977645598524,1.0,0,,0.18859655734531494,0.6893873777259986,0.6847733596625875,1.0,Unchanged
Tp73,13,-0.1299,-0.0568,-1.482,7.365363291954957e-05,0.013493393541752007,0.023326840275415872,1.0,0,,0.006274653671578178,0.41713919606536526,0.3979343911317308,1.0,Unchanged
Pml,18,-0.0847,-0.0249,-1.48,0.06672160579235559,0.07812506641728949,0.132796353353275,1.0,0,,0.35891418621883425,0.5055519168044755,0.5718228813019459,1.0,Unchanged
Mafa,7,0.5743,0.3542,1.475,0.2790680443306568,0.22840629256447953,0.2911387842930162,1.0,0,,0.643309047666268,0.6599030704173917,0.7268289929552921,1.0,Unchanged
Msc,6,-0.2686,-0.0754,-1.474,0.12049763622772314,0.1291655620274217,0.43902531638879905,1.0,0,,0.43185711799973603,0.5405990188104374,0.8033946390526464,1.0,Unchanged
Atf3,14,-0.1171,-0.1126,-1.472,0.07707557101894714,0.04642168041887105,0.0691980795261693,1.0,0,,0.37183755207789365,0.47487625019051694,0.5424210134622696,1.0,Unchanged
Nfatc1,10,0.5026,0.1511,1.451,0.21361252355575358,0.23958654182910688,0.4455802199787787,1.0,0,,0.5825016491973506,0.6682218393202434,0.8033946390526464,1.0,Unchanged
Myc,80,0.0522,-0.004,-1.436,0.002917231846677043,0.1343286111718377,0.011720836229604736,1.0,0,,0.04983139197029931,0.544157628779508,0.38949992345728396,1.0,Unchanged
Ikbkb,11,-0.1421,-0.218,-1.418,0.09963387996569541,0.018226543824012193,0.016186741998851062,1.0,0,,0.39521439053059176,0.41713919606536526,0.38949992345728396,1.0,Unchanged
Rbl1,6,0.5884,0.3871,1.413,0.21418679848633007,0.01993565514670794,0.019424372402954054,1.0,0,,0.5825016491973506,0.41713919606536526,0.38949992345728396,1.0,Unchanged
Tbx1,6,0.5825,0.3203,1.393,0.23106760115598118,0.09374850074064399,0.27309644582250425,1.0,0,,0.6131583521664236,0.5055519168044755,0.7064886315843045,1.0,Unchanged
Stat4,7,-0.2113,0.0634,-1.383,0.32968922619221247,0.9355160410245079,0.512158738761924,1.0,0,,0.6808237626846698,0.9929435460306747,0.8277563606317218,1.0,Unchanged
Gabpa,7,-0.2105,-0.0988,-1.38,0.08251571823846235,0.054622943679762226,0.09957630496555403,1.0,0,,0.37810887503547136,0.4824213097945281,0.5696944221428749,1.0,Unchanged
Nr4a2,8,0.5204,0.2759,1.367,0.3150690317334957,0.1839393959365364,0.3069140413697292,1.0,0,,0.6808237626846698,0.6180198239653745,0.7441629757776133,1.0,Unchanged
Wwtr1,6,-0.2349,-0.0475,-1.36,0.08679616405380579,0.08115129584140636,0.0415218061091276,1.0,0,,0.37810887503547136,0.5055519168044755,0.5157961634780371,1.0,Unchanged
Hif1a,73,0.0546,-0.0194,-1.343,0.0025964758509293925,0.2560059435708475,0.10472579230110934,1.0,0,,0.04983139197029931,0.6836164446537715,0.5696944221428749,1.0,Unchanged
Nr2f1,6,0.5675,-0.0759,1.343,0.5818645355546925,0.4734988638182295,0.4734102740444368,1.0,0,,0.8045253441985343,0.8023418552561334,0.8103020565477707,1.0,Unchanged
Xbp1,18,-0.0606,-0.0384,-1.339,5.9195982061516375e-05,0.04592616117164114,0.07571854162978853,1.0,0,,0.006274653671578178,0.47487625019051694,0.5440193558383811,1.0,Unchanged
Stat5a,19,0.3918,0.0912,1.336,0.5140171065783883,0.6302789905126642,0.6620339848073009,1.0,0,,0.7775597756291721,0.8755237339028059,0.9013470942413621,1.0,Unchanged
Hdac3,21,0.38,0.1116,1.33,0.3064620445888936,0.10565599102952919,0.14299791748631785,1.0,0,,0.6753515427051544,0.5097187675343502,0.5718228813019459,1.0,Unchanged
Cux1,9,-0.1525,-0.1361,-1.326,0.02157769780824454,0.08744189702272351,0.1472236067908077,1.0,0,,0.18168453309043137,0.5055519168044755,0.5718228813019459,1.0,Unchanged
Gli3,5,0.5976,0.3306,1.318,0.3322056842757534,0.3111532514493236,0.4049582421114165,1.0,0,,0.6808237626846698,0.6916664557492719,0.7818655562641846,1.0,Unchanged
Smad1,18,-0.0567,0.0034,-1.316,0.18509052180320415,0.5102496070149909,0.8276531294191438,1.0,0,,0.5599772566418973,0.8242493651780622,0.9666148477165597,1.0,Unchanged
Twist1,29,-0.0083,0.0255,-1.312,0.09075775689347487,0.5795284979052323,0.8528954538675527,1.0,0,,0.38118257895259444,0.8734454866697122,0.9666148477165597,1.0,Unchanged
Atm,22,-0.0331,-0.0088,-1.303,2.12918141128902e-05,0.14962670429311442,0.07562664802915275,1.0,0,,0.006274653671578178,0.5622814045541247,0.5440193558383811,1.0,Unchanged
Elf1,10,0.4686,0.0119,1.303,0.27015933283407306,0.39575050298183434,0.5749048750279074,1.0,0,,0.643309047666268,0.7766384073835892,0.8481034726651362,1.0,Unchanged
Hnf1b,5,0.5925,0.2635,1.302,0.25942551949888665,0.05172924861704515,0.11330935179868828,1.0,0,,0.6353428803550295,0.4824213097945281,0.5696944221428749,1.0,Unchanged
Sox9,25,0.3577,0.0433,1.298,0.4504312395347408,0.6131485416626627,0.15874002097883666,1.0,0,,0.7472821374174714,0.8734454866697122,0.5718228813019459,1.0,Unchanged
Cebpa,44,0.0295,-0.0251,-1.272,0.12116911295638684,0.0529363983834071,0.09248294428423165,1.0,0,,0.43185711799973603,0.4824213097945281,0.5696944221428749,1.0,Unchanged
Twist2,21,-0.0328,0.0255,-1.271,0.1514369029774134,0.5284190989528813,0.9387086761591219,1.0,0,,0.508224498919878,0.8385842607574002,0.9675388994922685,1.0,Unchanged
Trp53,153,0.0956,-0.0031,-1.247,0.08350118893000273,0.16594413503273286,0.18082363443181348,1.0,0,,0.37810887503547136,0.59344290344933,0.6036698729443277,1.0,Unchanged
Ebf1,5,0.5733,0.6089,1.243,0.09474103989925302,0.019435424268351764,0.019638651602888267,1.0,0,,0.3932854795817829,0.41713919606536526,0.38949992345728396,1.0,Unchanged
Sf1,9,0.4695,0.1973,1.24,0.15241338505996235,0.0565768013633047,0.13966531016154327,1.0,0,,0.508224498919878,0.4824213097945281,0.5718228813019459,1.0,Unchanged
Gfi1,9,-0.1315,-0.0628,-1.239,0.0008330983491931044,0.03579858158832713,0.019037436406037944,1.0,0,,0.03717701383274229,0.47487625019051694,0.38949992345728396,1.0,Unchanged
Hnf1a,22,0.3609,0.0373,1.238,0.4043909736168145,0.9358462569326628,0.2602104856642252,1.0,0,,0.7283195761222688,0.9929435460306747,0.6881121732009512,1.0,Unchanged
Stat2,10,-0.1149,-0.1305,-1.234,0.0023786465524100377,0.01780761512309574,0.01806396668907717,1.0,0,,0.04983139197029931,0.41713919606536526,0.38949992345728396,1.0,Unchanged
Tp63,13,-0.0782,-0.0648,-1.225,0.01966708885485659,0.04580062824482959,0.0647207949789168,1.0,0,,0.17128314228396516,0.47487625019051694,0.5424210134622696,1.0,Unchanged
Hoxa9,8,0.4822,0.06,1.218,0.2984678273536768,0.2616877184871893,0.38033747567678455,1.0,0,,0.6709455722242958,0.6836164446537715,0.7818655562641846,1.0,Unchanged
Foxo1,42,0.3044,0.0475,1.208,0.34300291921969517,0.6850683422199921,0.3924909749299713,1.0,0,,0.6879328211316359,0.9260379015930292,0.7818655562641846,1.0,Unchanged
Mzf1,7,-0.1628,-0.0087,-1.207,0.4002925080984208,0.7641672460648022,0.9930838560011342,1.0,0,,0.7283195761222688,0.9489239152259258,0.9978447424264776,1.0,Unchanged
Pax3,15,0.3949,0.235,1.204,0.2106207036238132,0.04655649511671734,0.009043348586699196,1.0,0,,0.5825016491973506,0.47487625019051694,0.38949992345728396,1.0,Unchanged
Msx2,14,-0.064,0.1182,-1.199,0.3176372546925172,0.8508649467629409,0.5158261924076911,1.0,0,,0.6808237626846698,0.9830381423766015,0.8277563606317218,1.0,Unchanged
Eomes,5,-0.2191,0.1007,-1.193,0.5085020500487698,0.9555180691481242,0.9038620101719158,1.0,0,,0.7775597756291721,0.9971967866248478,0.9675388994922685,1.0,Unchanged
Stat3,114,0.0878,-0.0089,-1.191,0.09027887899763412,0.11403726262142251,0.18364819685335843,1.0,0,,0.38118257895259444,0.5153329462765549,0.6036698729443277,1.0,Unchanged
Tp53,146,0.0979,0.0076,-1.18,0.052831254983620325,0.311928009455554,0.10173303476782913,1.0,0,,0.3196738649008891,0.6916664557492719,0.5696944221428749,1.0,Unchanged
Sp2,8,-0.133,-0.0423,-1.174,0.0805194979274584,0.1475349351540572,0.1124319508650351,1.0,0,,0.37810887503547136,0.5603188494680683,0.5696944221428749,1.0,Unchanged
Tbx3,7,0.491,0.4701,1.172,0.42193393154391223,0.25359791132461273,0.12018380620612112,1.0,0,,0.7312155998115373,0.6836164446537715,0.5718228813019459,1.0,Unchanged
Rora,8,0.4655,0.0427,1.154,0.5718496587907044,0.9823975608729884,0.9882678120981448,1.0,0,,0.7974622194854745,0.9971967866248478,0.996883805680085,1.0,Unchanged
Atf4,28,0.0107,-0.0504,-1.151,0.1546735091914957,0.0640679510936945,0.06070682307009234,1.0,0,,0.508224498919878,0.5042011658628144,0.5424210134622696,1.0,Unchanged
Hdac9,15,-0.047,-0.0097,-1.15,0.13270395597854603,0.09963870775384945,0.03981346840891886,1.0,0,,0.4599544881974848,0.5055519168044755,0.5157961634780371,1.0,Unchanged
Creb5,9,-0.1079,-0.0992,-1.142,0.018811857525656433,0.097798955795553,0.2307900324921588,1.0,0,,0.17128314228396516,0.5055519168044755,0.6548018008562916,1.0,Unchanged
Irf9,8,-0.1236,-0.0994,-1.138,0.005575185278860968,0.07276894261348024,0.3042317896201374,1.0,0,,0.07234542920967062,0.5052654383038486,0.7439092390026648,1.0,Unchanged
Klf2,11,-0.0787,-0.0794,-1.129,0.02738005212551347,0.09051796060608973,0.13214454181253688,1.0,0,,0.18859655734531494,0.5055519168044755,0.5718228813019459,1.0,Unchanged
Nf1,13,-0.0587,0.0506,-1.128,0.11633522722119419,0.8919352674547696,0.5576529618231962,1.0,0,,0.42381079725087833,0.9888847530476793,0.8354844597093631,1.0,Unchanged
Id3,6,-0.1654,-0.1869,-1.126,0.0696866573801095,0.07359608625154097,0.207601576153973,1.0,0,,0.35891418621883425,0.5052654383038486,0.6229838988529136,1.0,Unchanged
Pparg,53,0.0585,0.0009,-1.105,0.09899667768407364,0.2675928713298861,0.45430979375180325,1.0,0,,0.39521439053059176,0.6836164446537715,0.8103020565477707,1.0,Unchanged
Sp4,11,-0.0728,0.0323,-1.103,0.18993838859304574,0.7116669895935722,0.728729636656579,1.0,0,,0.5631833850286954,0.9489239152259258,0.9238387833340275,1.0,Unchanged
Pax8,5,0.5271,0.3193,1.101,0.36915337398629344,0.1572271673371786,0.4196575033921406,1.0,0,,0.7219580300788948,0.5846885285351329,0.7818655562641846,1.0,Unchanged
Dnmt1,26,0.0122,-0.0333,-1.099,0.10112680913028124,0.056755448211120954,0.08929295669459414,1.0,0,,0.39672825120341104,0.4824213097945281,0.5696944221428749,1.0,Unchanged
Bmi1,11,-0.0715,0.0113,-1.096,0.0025962104845520593,0.22650664855888702,0.14137632501065966,1.0,0,,0.04983139197029931,0.6599030704173917,0.5718228813019459,1.0,Unchanged
Dlx5,7,0.4696,0.3795,1.094,0.4464126750171615,0.2721191184233869,0.12018380620612112,1.0,0,,0.7472821374174714,0.6841304596982332,0.5718228813019459,1.0,Unchanged
Nr1h3,16,-0.0299,0.046,-1.094,0.013512236949016055,0.4841548054660748,0.3524280072481142,1.0,0,,0.13782481687996376,0.8050206674662008,0.7818655562641846,1.0,Unchanged
Mbd2,9,0.4313,0.1447,1.083,0.21537876104775988,0.05190819524134688,0.04229715135156098,1.0,0,,0.5825016491973506,0.4824213097945281,0.5157961634780371,1.0,Unchanged
E2f6,6,-0.1495,0.0009,-1.072,0.2598321023300681,0.5432434665472896,0.4927193033299232,1.0,0,,0.6353428803550295,0.8543520597241514,0.8271395129187906,1.0,Unchanged
Ppargc1a,13,0.3835,0.0589,1.064,0.32847754314487787,0.22093946551632082,0.3618524820003649,1.0,0,,0.6808237626846698,0.6599030704173917,0.7818655562641846,1.0,Unchanged
Smad3,41,0.0483,0.0338,-1.062,0.2807116071076763,0.44960089838528405,0.55912847674998,1.0,0,,0.643309047666268,0.7952179988459368,0.8354844597093631,1.0,Unchanged
Ezh2,37,0.0421,0.0312,-1.061,0.25586121386177024,0.5461515935973926,0.21839895119032926,1.0,0,,0.6353428803550295,0.8551584162906543,0.639085455532357,1.0,Unchanged
Tfap4,5,-0.1737,-0.0568,-1.053,0.07087268196863068,0.18733695066072675,0.36574617097633566,1.0,0,,0.35891418621883425,0.6192526980174023,0.7818655562641846,1.0,Unchanged
Cebpe,5,-0.1722,-0.0464,-1.049,0.197130488676144,0.2599642213475083,0.6718155199857831,1.0,0,,0.5768490529293723,0.6836164446537715,0.9016471452440773,1.0,Unchanged
Tfcp2,6,0.4743,-0.0075,1.029,0.517643990148211,0.910260756217897,0.5619222329072384,1.0,0,,0.7797422130080648,0.9925986347065656,0.8354844597093631,1.0,Unchanged
Pax6,31,0.3028,0.0361,1.025,0.335644207934179,0.75232605691313,0.5159611004022391,1.0,0,,0.6808237626846698,0.9489239152259258,0.8277563606317218,1.0,Unchanged
Rel,23,0.3239,0.0939,1.022,0.2423764966255786,0.08284689402556145,0.16551579798552174,1.0,0,,0.6225065416930329,0.5055519168044755,0.5793052929493261,1.0,Unchanged
Hdac7,11,-0.0545,-0.0491,-1.019,6.624017055682835e-05,0.11686807327678951,0.05612863067204277,1.0,0,,0.006274653671578178,0.5166937109594153,0.5424210134622696,1.0,Unchanged
Sry,6,0.4706,0.0985,1.016,0.5273115728801417,0.7469712579890241,0.8616703228860195,1.0,0,,0.7813601740429119,0.9489239152259258,0.9673468719192105,1.0,Unchanged
Ddit3,15,-0.0207,-0.0375,-1.01,0.005504760675412698,0.05940330985547887,0.014823714277732325,1.0,0,,0.07234542920967062,0.49318561903269664,0.38949992345728396,1.0,Unchanged
Neurog3,5,0.4897,0.5629,0.986,0.4525291533495944,0.2071123954795281,0.21443303238237588,1.0,0,,0.7472821374174714,0.6485888174227328,0.6379382713375682,1.0,Unchanged
Hoxa10,12,0.3757,0.0108,0.985,0.45655899791681215,0.6102230297411974,0.4619489724760836,1.0,0,,0.7472821374174714,0.8734454866697122,0.8103020565477707,1.0,Unchanged
Sox2,21,0.3246,0.0733,0.981,0.4501573847809297,0.9420253313193853,0.1952935847407805,1.0,0,,0.7472821374174714,0.9929435460306747,0.6036698729443277,1.0,Unchanged
Per1,9,-0.0683,-0.0338,-0.979,0.0015973243200103164,0.11017342083114846,0.08947639399586005,1.0,0,,0.04983139197029931,0.5148728271712588,0.5696944221428749,1.0,Unchanged
Pax5,16,0.3467,0.1124,0.978,0.2385898179198955,0.10253426754579022,0.0932874914467805,1.0,0,,0.6217267518058591,0.5055519168044755,0.5696944221428749,1.0,Unchanged
Hdac5,8,0.4188,0.0296,0.972,0.44582386854624506,0.8657126233903873,0.7843741188719512,1.0,0,,0.7472821374174714,0.9838686017639555,0.9575462343843484,1.0,Unchanged
Nupr1,6,-0.1183,-0.16,-0.968,0.01872570445282229,0.11299929200434004,0.16017447655516692,1.0,0,,0.17128314228396516,0.5153329462765549,0.5718228813019459,1.0,Unchanged
Nr1i3,11,0.3794,0.022,0.96,0.43198688997553447,0.7788087035327625,0.7556508451217824,1.0,0,,0.7414390371214702,0.9489239152259258,0.9399559292978269,1.0,Unchanged
Nkx3-1,6,0.4531,0.1409,0.957,0.4105278867687361,0.1315308865839214,0.15290013066315733,1.0,0,,0.7283195761222688,0.5405990188104374,0.5718228813019459,1.0,Unchanged
Foxa1,17,0.3374,0.0111,0.955,0.5829233232174742,0.5811871774807571,0.5634196014211251,1.0,0,,0.8045253441985343,0.8734454866697122,0.8354844597093631,1.0,Unchanged
Zbtb33,5,-0.1363,-0.0436,-0.938,0.03884808321881986,0.1429560585082441,0.17595452145157087,1.0,0,,0.24344910490307906,0.552478850483168,0.6036698729443277,1.0,Unchanged
Stat1,66,0.085,0.0124,-0.938,0.3277925825046453,0.3222939377486932,0.31033241154378577,1.0,0,,0.6808237626846698,0.698760534036944,0.7441629757776133,1.0,Unchanged
Hoxc8,7,-0.0886,0.0106,-0.937,0.033150898565351326,0.3816162742202934,0.38617696398136625,1.0,0,,0.21916427384871154,0.7653764600935099,0.7818655562641846,1.0,Unchanged
Epas1,11,-0.0345,-0.0811,-0.928,0.1829587674124671,0.041396365170006534,0.05419840544818011,1.0,0,,0.5582588031303484,0.47487625019051694,0.5424210134622696,1.0,Unchanged
Rbl2,10,-0.043,-0.0965,-0.922,0.022392491473330476,0.12137300241606283,0.14591172348184167,1.0,0,,0.18168453309043137,0.5284166080796882,0.5718228813019459,1.0,Unchanged
Brca1,48,0.0724,-0.0528,-0.919,0.14399500041456342,0.04557390068427,0.0032763677719482853,1.0,0,,0.49429053026922254,0.47487625019051694,0.29241582364638447,1.0,Unchanged
Tfap2a,60,0.0827,-0.0198,-0.918,0.34235199727707033,0.18412604622377482,0.2881378897138631,1.0,0,,0.6879328211316359,0.6180198239653745,0.7244030044214728,1.0,Unchanged
Ahr,16,0.3358,0.1006,0.918,0.4097574419686999,0.2823969586697689,0.6000870414877828,1.0,0,,0.7283195761222688,0.6887598627234292,0.8691702232331264,1.0,Unchanged
Tbp,14,-0.0087,-0.0004,-0.914,0.1700840627426409,0.6147267221722319,0.9247018918128337,1.0,0,,0.5421429499921678,0.8734454866697122,0.9675388994922685,1.0,Unchanged
Ppara,39,0.063,0.0024,-0.909,0.26355389841411886,0.07665776373838568,0.12454507912911483,1.0,0,,0.63909079436383,0.5055519168044755,0.5718228813019459,1.0,Unchanged
Jund,25,0.0372,0.0535,-0.906,0.20876389086265085,0.7690388648965815,0.9097088322400131,1.0,0,,0.5825016491973506,0.9489239152259258,0.9675388994922685,1.0,Unchanged
Foxo3,16,0.0062,-0.0684,-0.895,0.09890322167871365,0.03157049028290408,0.009079393877170938,1.0,0,,0.39521439053059176,0.47487625019051694,0.38949992345728396,1.0,Unchanged
Esr1,61,0.2522,0.0338,0.895,0.3054856269001449,0.4338362255906134,0.7287956487785399,1.0,0,,0.6753515427051544,0.7902016966114744,0.9238387833340275,1.0,Unchanged
Pgr,19,0.0199,0.0433,-0.893,0.2479845626540733,0.9039530763814468,0.8320148012485614,1.0,0,,0.6234541469542546,0.9925986347065656,0.9666148477165597,1.0,Unchanged
Sox6,5,-0.1212,-0.0129,-0.892,0.038870025152592455,0.2019193727210491,0.4204991226967043,1.0,0,,0.24344910490307906,0.6485888174227328,0.7818655562641846,1.0,Unchanged
Rela,241,0.1275,0.0036,-0.883,0.3019791110110532,0.20704781984318987,0.34047208725872213,1.0,0,,0.6737908914434124,0.6485888174227328,0.7700897707514426,1.0,Unchanged
Foxf2,5,-0.1175,-0.0777,-0.881,0.015650172154341686,0.12337982536208346,0.21759203399310523,1.0,0,,0.15100301240810762,0.5306818994489614,0.639085455532357,1.0,Unchanged
Smad5,8,-0.0574,-0.0104,-0.88,0.5945899064613793,0.617036736915981,0.8911805886053394,1.0,0,,0.8079242806276951,0.8734454866697122,0.9675388994922685,1.0,Unchanged
Fli1,20,0.0274,-0.0713,-0.87,0.4816679517132335,0.02847425085630464,0.06566699310657986,1.0,0,,0.7698222253836724,0.47487625019051694,0.5424210134622696,1.0,Unchanged
Myf6,8,0.3924,0.2135,0.869,0.4109690638744072,0.5231269742284281,0.510347753328326,1.0,0,,0.7283195761222688,0.8385842607574002,0.8277563606317218,1.0,Unchanged
Pttg1,15,0.0062,0.0113,-0.867,0.01091709988324475,0.44620995455336365,0.4723271985692551,1.0,0,,0.12179389557244924,0.7952179988459368,0.8103020565477707,1.0,Unchanged
Maz,6,-0.0868,0.009,-0.861,0.4060674697270015,0.4642524939713857,0.6628580007238154,1.0,0,,0.7283195761222688,0.7988545563664217,0.9013470942413621,1.0,Unchanged
Kat2b,12,-0.0111,-0.1359,-0.858,0.2811098359550078,0.03166009389751866,0.038399850622932274,1.0,0,,0.643309047666268,0.47487625019051694,0.5157961634780371,1.0,Unchanged
Rara,20,0.0299,0.0231,-0.855,0.40207056607202585,0.8564102847208225,0.6281794924780241,1.0,0,,0.7283195761222688,0.9838686017639555,0.8925860429635799,1.0,Unchanged
Tfdp1,9,-0.0369,-0.0256,-0.849,0.002875258486825264,0.2662470133089254,0.25323138229543385,1.0,0,,0.04983139197029931,0.6836164446537715,0.6847733596625875,1.0,Unchanged
Ep300,48,0.0807,0.0077,-0.841,0.3224219620953911,0.6150468780712545,0.8785142270837727,1.0,0,,0.6808237626846698,0.8734454866697122,0.9675388994922685,1.0,Unchanged
Aatf,6,-0.0803,-0.0545,-0.839,0.003899966764952653,0.1439230618905732,0.06660205194056124,1.0,0,,0.060534266742960745,0.552478850483168,0.5424210134622696,1.0,Unchanged
Zbtb16,10,0.3619,-0.0047,0.839,0.5319941890608779,0.9700100645220648,0.8993658994330881,1.0,0,,0.7813601740429119,0.9971967866248478,0.9675388994922685,1.0,Unchanged
Abl1,9,-0.0339,-0.0388,-0.837,0.004443139446672814,0.24733333455206852,0.33916652285804827,1.0,0,,0.0660916992692581,0.6792153879622189,0.7700897707514426,1.0,Unchanged
Ciita,14,0.0065,-0.0654,-0.836,0.3648057482972127,0.09858007482810699,0.1793166700739609,1.0,0,,0.7195339897353863,0.5055519168044755,0.6036698729443277,1.0,Unchanged
Pou2f1,29,0.056,-0.0083,-0.836,0.2359391292726311,0.32550345301340344,0.49158221595446705,1.0,0,,0.6193402143406567,0.698760534036944,0.8271395129187906,1.0,Unchanged
Egr1,71,0.0976,0.0092,-0.826,0.15819873693390363,0.46385616032052446,0.5346508897142288,1.0,0,,0.5088013431117441,0.7988545563664217,0.8354844597093631,1.0,Unchanged
Foxo4,6,-0.0755,-0.0678,-0.823,0.0006609421602815917,0.10337616225973871,0.10066437478261236,1.0,0,,0.033708050174361175,0.5055519168044755,0.5696944221428749,1.0,Unchanged
Nfe2,8,-0.0417,-0.0525,-0.819,0.31726666568999295,0.21519388468359724,0.41659024928132826,1.0,0,,0.6808237626846698,0.6599030704173917,0.7818655562641846,1.0,Unchanged
Hipk2,6,-0.0739,-0.0278,-0.818,0.00864249779988769,0.219451840723061,0.15039559953610238,1.0,0,,0.09952811982451308,0.6599030704173917,0.5718228813019459,1.0,Unchanged
Clock,15,0.0178,-0.0166,-0.805,0.060175395221829506,0.48932628806769074,0.775692197762256,1.0,0,,0.3356658764717677,0.8050206674662008,0.951622386945448,1.0,Unchanged
Arntl,10,-0.015,-0.0088,-0.8,0.05525102668178998,0.5035627938216499,0.6013586698559726,1.0,0,,0.32219725247529934,0.8171450790651319,0.8691702232331264,1.0,Unchanged
Ercc2,7,-0.0502,-0.0484,-0.797,0.005078135717808403,0.2281326411132908,0.23381370005712887,1.0,0,,0.07234542920967062,0.6599030704173917,0.6572558340188583,1.0,Unchanged
Etv5,5,-0.0895,-0.0893,-0.795,0.027018132703955543,0.16258987461441954,0.38334543462920456,1.0,0,,0.18859655734531494,0.59344290344933,0.7818655562641846,1.0,Unchanged
Runx3,27,0.0583,-0.0186,-0.79,0.35238266686714215,0.26999977225821226,0.4170803832867761,1.0,0,,0.6988922892864986,0.6836164446537715,0.7818655562641846,1.0,Unchanged
Tbx21,9,0.3597,0.0347,0.787,0.5662062139542355,0.5426715782084504,0.551470069708121,1.0,0,,0.7974622194854745,0.8543520597241514,0.8354844597093631,1.0,Unchanged
Rfx5,7,-0.0473,-0.0141,-0.787,0.0029312583511940772,0.3033880083268292,0.11045270382890449,1.0,0,,0.04983139197029931,0.6916664557492719,0.5696944221428749,1.0,Unchanged
Rfxank,7,-0.0473,-0.0141,-0.787,0.0029312583511940772,0.3033880083268292,0.11045270382890449,1.0,0,,0.04983139197029931,0.6916664557492719,0.5696944221428749,1.0,Unchanged
Rfxap,7,-0.0473,-0.0141,-0.787,0.0029312583511940772,0.3033880083268292,0.11045270382890449,1.0,0,,0.04983139197029931,0.6916664557492719,0.5696944221428749,1.0,Unchanged
Rb1,29,0.0649,0.0318,-0.77,0.031125538833247927,0.7643945396033138,0.46402956254155403,1.0,0,,0.20965693138621716,0.9489239152259258,0.8103020565477707,1.0,Unchanged
Hdac4,22,0.0498,-0.0122,-0.768,0.39890096876284464,0.225703325310314,0.4126332778724109,1.0,0,,0.7283195761222688,0.6599030704173917,0.7818655562641846,1.0,Unchanged
Maf,6,-0.0585,-0.0743,-0.766,0.006468736837857697,0.17221192310737743,0.24721428107958354,1.0,0,,0.07963238107293785,0.59524573208922,0.6769401704111807,1.0,Unchanged
Srebf2,17,0.3036,0.2096,0.764,0.2472385917464702,0.10971441560278294,0.07619318709221024,1.0,0,,0.6234541469542546,0.5148728271712588,0.5440193558383811,1.0,Unchanged
Nfkb1,246,0.1336,0.0077,-0.761,0.3764051473825557,0.2874656009686021,0.3658285389043392,1.0,0,,0.7257421676723887,0.6887598627234292,0.7818655562641846,1.0,Unchanged
Dmtf1,7,-0.0396,-0.0547,-0.759,0.050560065399156306,0.4676780494263546,0.3978331746507927,1.0,0,,0.31120591978446205,0.7988567638526727,0.7818655562641846,1.0,Unchanged
Smarca4,17,0.0376,-0.0503,-0.745,0.2042367814612119,0.1632233234635152,0.15734426352926645,1.0,0,,0.5825016491973506,0.59344290344933,0.5718228813019459,1.0,Unchanged
Tcf3,28,0.0667,0.0825,-0.744,0.41480188408805513,0.8577122898572818,0.6698213699018055,1.0,0,,0.7283195761222688,0.9838686017639555,0.9016471452440773,1.0,Unchanged
Snai1,26,0.0646,-0.0115,-0.732,0.4883045398650928,0.6248882659711329,0.6392479814303453,0.013428683555869075,1,Llgl2,0.7698222253836724,0.8755237339028059,0.8925978226640545,1.0,Unchanged
Pax2,10,0.3367,0.0603,0.729,0.5431679988019296,0.771419658154251,0.37737930054504054,1.0,0,,0.7850646784303192,0.9489239152259258,0.7818655562641846,1.0,Unchanged
Max,7,-0.0315,-0.0177,-0.729,0.013366701909816611,0.4499552822601659,0.2311065179492794,1.0,0,,0.13782481687996376,0.7952179988459368,0.6548018008562916,1.0,Unchanged
Nr3c1,26,0.0655,0.0118,-0.725,0.08761861296728572,0.6175205466242151,0.342981158401903,1.0,0,,0.37810887503547136,0.8734454866697122,0.7700897707514426,1.0,Unchanged
Gli2,14,0.3096,0.2461,0.724,0.25689921466253,0.14355518687606594,0.02371816307877983,1.0,0,,0.6353428803550295,0.552478850483168,0.3979343911317308,1.0,Unchanged
Arid3a,6,-0.0439,-0.0202,-0.717,0.21346789766367677,0.5007252718523263,0.920408875184477,1.0,0,,0.5825016491973506,0.8162507856222853,0.9675388994922685,1.0,Unchanged
Gata2,12,0.3193,0.0381,0.716,0.526061959363367,0.8728121550055127,0.953296771187131,1.0,0,,0.7813601740429119,0.9838686017639555,0.9751488461713632,1.0,Unchanged
Otx2,8,-0.0138,-0.034,-0.711,0.21841873411162982,0.39667415233770875,0.6540973070787061,1.0,0,,0.5862818652470064,0.7766384073835892,0.9005140008005397,1.0,Unchanged
Ncor1,6,-0.0413,-0.0238,-0.708,0.3732463919574343,0.46343050730043767,0.7142627420190978,1.0,0,,0.7241791409174133,0.7988545563664217,0.9238387833340275,1.0,Unchanged
Hsf1,24,0.0642,-0.0089,-0.706,0.3139516472253481,0.1734049191520417,0.19272347142986768,1.0,0,,0.6808237626846698,0.59524573208922,0.6036698729443277,1.0,Unchanged
Ncoa3,8,0.3493,0.1772,0.701,0.48320241016378906,0.3981087634487306,0.4142490682553611,1.0,0,,0.7698222253836724,0.7766384073835892,0.7818655562641846,1.0,Unchanged
Esrra,8,-0.01,-0.0277,-0.696,0.08778894600088911,0.4272209854246587,0.5640105176189258,1.0,0,,0.37810887503547136,0.7828090973832436,0.8354844597093631,1.0,Unchanged
Etv4,16,0.0423,-0.044,-0.696,0.11526141301028756,0.2867269374400838,0.1885914761257571,1.0,0,,0.42381079725087833,0.6887598627234292,0.6036698729443277,1.0,Unchanged
Tcf7l2,11,0.0185,-0.0668,-0.686,0.298824498553678,0.08856667899877958,0.060381669398417825,1.0,0,,0.6709455722242958,0.5055519168044755,0.5424210134622696,1.0,Unchanged
Ar,72,0.1106,-0.0034,-0.68,0.43703755091105395,0.35092782495803165,0.5380683713306269,1.0,0,,0.7465186874413696,0.7360877184017023,0.8354844597093631,1.0,Unchanged
Zfp36,6,-0.0315,-0.0413,-0.675,8.78803035235039e-05,0.2870142931799635,0.11369851345832283,1.0,0,,0.006274653671578178,0.6887598627234292,0.5696944221428749,1.0,Unchanged
Meis1,7,-0.0153,-0.0559,-0.67,0.37007932634296287,0.26981151852005647,0.3704087422495619,1.0,0,,0.7219580300788948,0.6836164446537715,0.7818655562641846,1.0,Unchanged
Fosl1,7,-0.0148,-0.0403,-0.669,0.12217806419600374,0.454969944580474,0.8309184652835565,1.0,0,,0.43185711799973603,0.7988545563664217,0.9666148477165597,1.0,Unchanged
Sin3a,7,-0.0121,-0.0143,-0.659,0.03498606363936351,0.32687117418534917,0.1584961863642722,1.0,0,,0.2270913585318686,0.698760534036944,0.5718228813019459,1.0,Unchanged
Mta1,23,0.0709,0.0196,-0.647,0.33543912128668524,0.8867780408537591,0.9414206251418792,1.0,0,,0.6808237626846698,0.9862297837532461,0.9675388994922685,1.0,Unchanged
Sall4,6,0.3602,0.0372,0.644,0.529997696826269,0.6180147592493141,0.8403594434569911,1.0,0,,0.7813601740429119,0.8734454866697122,0.9666148477165597,1.0,Unchanged
Atf6,11,0.0285,-0.0438,-0.64,0.06608394755496258,0.3053876674544469,0.1874567665447432,1.0,0,,0.35891418621883425,0.6916664557492719,0.6036698729443277,1.0,Unchanged
Spi1,54,0.1057,-0.0387,-0.639,0.49190568721285566,0.013581139827240915,0.024522567520722904,1.0,0,,0.7698222253836724,0.41713919606536526,0.3979343911317308,1.0,Unchanged
Foxc1,7,-0.0045,-0.1766,-0.631,0.4877387901023873,0.18523283239298338,0.13944588518440282,1.0,0,,0.7698222253836724,0.6180198239653745,0.5718228813019459,1.0,Unchanged
Plag1,5,-0.0355,-0.0913,-0.629,0.13209002971174807,0.3677420070435006,0.4750758455277404,1.0,0,,0.4599544881974848,0.7482063077423938,0.8103020565477707,1.0,Unchanged
Hdgf,6,0.3555,0.1533,0.629,0.44151882628433226,0.39095235466318645,0.8115786810805099,1.0,0,,0.7471452368230084,0.7766384073835892,0.9593827455157021,1.0,Unchanged
Sp3,90,0.1215,-0.0055,-0.619,0.6296721171120033,0.28678199393848436,0.5336863070435598,1.0,0,,0.8325664659592045,0.6887598627234292,0.8354844597093631,1.0,Unchanged
Mbd1,5,-0.0307,0.0164,-0.614,0.026296695423775284,0.46543906925550615,0.43462709476600003,1.0,0,,0.18859655734531494,0.7988545563664217,0.7998034682034124,1.0,Unchanged
Atf2,27,0.2547,-0.0038,0.613,0.667008210317816,0.8973133051998952,0.9885066308424373,1.0,0,,0.841420251178305,0.9914759097380595,0.996883805680085,1.0,Unchanged
Hey1,5,-0.03,-0.1083,-0.612,0.11361687398617043,0.19330790515188623,0.15579924155519054,1.0,0,,0.42381079725087833,0.6331277260479209,0.5718228813019459,1.0,Unchanged
Smad2,14,0.0503,0.1397,-0.61,0.37811776803099245,0.368559085232814,0.2076612996176379,1.0,0,,0.7257421676723887,0.7482063077423938,0.6229838988529136,1.0,Unchanged
Nanog,17,0.2754,0.0635,0.604,0.5580332837196789,0.6265127334399752,0.7051164523758942,1.0,0,,0.796377727658613,0.8755237339028059,0.9220753607992461,1.0,Unchanged
Srf,21,0.2643,0.0686,0.601,0.654918519140187,0.41641410846007676,0.6665423890188223,1.0,0,,0.8349490528255534,0.7828090973832436,0.9013470942413621,1.0,Unchanged
Mef2c,21,0.0756,-0.0216,-0.588,0.5951935176612991,0.8015613604015446,0.5927004780997835,1.0,0,,0.8079242806276951,0.9604035431218495,0.8637254434667107,1.0,Unchanged
Parp1,22,0.0781,-0.0126,-0.585,0.5012509640040939,0.4077257580383483,0.23754228952319334,1.0,0,,0.7746605807335996,0.7828090973832436,0.6573844756572095,1.0,Unchanged
E2f4,21,0.0767,0.0143,-0.581,0.47899814384293793,0.5272952830197234,0.619393120076495,1.0,0,,0.7698222253836724,0.8385842607574002,0.8880455577000351,1.0,Unchanged
Hdac2,22,0.2588,-0.0016,0.58,0.5107454202338256,0.9884627203513853,0.7632824249899792,1.0,0,,0.7775597756291721,0.9971967866248478,0.9449282124393467,1.0,Unchanged
Bcl11b,8,0.0203,0.0042,-0.578,0.6367481993004113,0.47851068724290724,0.4766482685575122,1.0,0,,0.8349490528255534,0.8050206674662008,0.8103020565477707,1.0,Unchanged
Pdx1,7,0.3244,0.2273,0.566,0.6430170555838417,0.754649382508943,0.4959586714321663,1.0,0,,0.8349490528255534,0.9489239152259258,0.8273703070153429,1.0,Unchanged
Nfya,14,0.0589,-0.0088,-0.566,0.1908828840013225,0.7387667593052045,0.6300607362095858,1.0,0,,0.5631833850286954,0.9489239152259258,0.8925860429635799,1.0,Unchanged
Crebbp,38,0.1026,-0.0069,-0.562,0.535221351009747,0.4433299454745879,0.5927527553202916,0.019570609396809973,1,Fosb,0.7813601740429119,0.7952179988459368,0.8637254434667107,1.0,Unchanged
Mitf,23,0.2531,0.3173,0.555,0.5118968568588959,0.1376615583796226,0.01850629862622921,1.0,0,,0.7775597756291721,0.5460575149058363,0.38949992345728396,1.0,Unchanged
Trp63,10,0.0415,-0.002,-0.554,0.4056629286799865,0.44755136938477,0.5251513378781627,1.0,0,,0.7283195761222688,0.7952179988459368,0.8332401227666848,1.0,Unchanged
Tfap2c,9,0.0349,-0.0464,-0.553,0.4144130454258681,0.3010005658888045,0.41906303088210406,1.0,0,,0.7283195761222688,0.6916664557492719,0.7818655562641846,1.0,Unchanged
Hdac1,55,0.1152,-0.0204,-0.548,0.5647611381422407,0.09741712440805989,0.1598856372315357,1.0,0,,0.7974622194854745,0.5055519168044755,0.5718228813019459,1.0,Unchanged
Trp73,19,0.0788,-0.0546,-0.54,0.5369673842417465,0.07694177884524755,0.08335192234058197,1.0,0,,0.7813601740429119,0.5055519168044755,0.5681207290809166,1.0,Unchanged
Bcl6,15,0.0675,0.0341,-0.54,0.10926689903599165,0.8768736668208817,0.8519261401418673,1.0,0,,0.4149817335728619,0.9838686017639555,0.9666148477165597,1.0,Unchanged
Gata4,14,0.0642,-0.0001,-0.539,0.23186660376041227,0.5747036294810455,0.8500281067230147,1.0,0,,0.6131583521664236,0.8734454866697122,0.9666148477165597,1.0,Unchanged
Rfx1,7,0.0219,0.1597,-0.535,0.4938075339295826,0.9547638584392641,0.6848104735016469,1.0,0,,0.7698222253836724,0.9971967866248478,0.90883769159884,1.0,Unchanged
Ikzf1,13,0.0613,-0.0031,-0.534,0.5129520255894122,0.7771861377489458,0.8422996727559225,1.0,0,,0.7775597756291721,0.9489239152259258,0.9666148477165597,1.0,Unchanged
Nkx2-1,6,0.0113,0.2436,-0.531,0.7711986673613411,0.3149917463768114,0.37689734921477036,1.0,0,,0.917726414159996,0.694148478126677,0.7818655562641846,1.0,Unchanged
Smad7,9,0.0403,0.0113,-0.53,0.2067279144247661,0.6128257050333171,0.8901432913311036,1.0,0,,0.5825016491973506,0.8734454866697122,0.9675388994922685,1.0,Unchanged
Hmga2,7,0.0237,0.0323,-0.528,0.6291640374773617,0.8094740102530047,0.8387174276089338,1.0,0,,0.8325664659592045,0.9604035431218495,0.9666148477165597,1.0,Unchanged
Id1,9,0.296,0.0106,0.524,0.7117207077946255,0.8253889361395943,0.1941407097352219,1.0,0,,0.8855521582861025,0.966110984268312,0.6036698729443277,1.0,Unchanged
Stat5b,5,-0.0016,-0.0059,-0.524,0.023938548631882186,0.6524299513375778,0.4204991226967043,1.0,0,,0.18650246681573893,0.8992953383301747,0.7818655562641846,1.0,Unchanged
Dach1,6,0.0168,-0.0032,-0.512,0.33405834574956683,0.5980525530434966,0.6425704213575967,1.0,0,,0.6808237626846698,0.8734454866697122,0.8925978226640545,1.0,Unchanged
Erg,19,0.0835,0.0628,-0.512,0.34690359115420283,0.945660520029214,0.6893943535335091,1.0,0,,0.691869173419276,0.9929435460306747,0.9115325341165287,1.0,Unchanged
Sirt1,40,0.11,0.013,-0.512,0.4584158439396786,0.7701135153697759,0.9229699952300722,1.0,0,,0.7472821374174714,0.9489239152259258,0.9675388994922685,1.0,Unchanged
Mybl2,9,0.2922,0.2019,0.509,0.5311483626494079,0.34558773738574355,0.42006737003048633,1.0,0,,0.7813601740429119,0.7300285340042039,0.7818655562641846,1.0,Unchanged
Neurod1,9,0.2907,0.0596,0.503,0.7305663446383347,0.8702119801450197,0.5141893362793437,1.0,0,,0.8974085509845541,0.9838686017639555,0.8277563606317218,1.0,Unchanged
Apex1,7,0.0341,-0.0671,-0.491,0.4765862471882951,0.22102463798183036,0.3238324214642734,1.0,0,,0.7698222253836724,0.6599030704173917,0.754530119212085,1.0,Unchanged
Cebpb,41,0.1139,-0.0263,-0.485,0.5918947984709139,0.19873598896569544,0.33958143646717376,1.0,0,,0.8079242806276951,0.6449886187341207,0.7700897707514426,1.0,Unchanged
Gfi1b,8,0.2932,0.1067,0.483,0.6560155873997497,0.6007763345259256,0.7885674871400516,1.0,0,,0.8349490528255534,0.8734454866697122,0.9575462343843484,1.0,Unchanged
Lmo2,9,0.283,0.1827,0.471,0.3931892796785513,0.12501522987313288,0.19448931519295842,1.0,0,,0.7283195761222688,0.5313147269608147,0.6036698729443277,1.0,Unchanged
Foxp3,9,0.056,0.0103,-0.466,0.5941721746282856,0.9685488100444353,0.9671043089962544,1.0,0,,0.8079242806276951,0.9971967866248478,0.9836360065859341,1.0,Unchanged
Ppard,11,0.271,0.0398,0.465,0.5989891771337773,0.4224633352178,0.6420500759106151,1.0,0,,0.8099967281695397,0.7828090973832436,0.8925978226640545,1.0,Unchanged
Arnt,17,0.0879,-0.0338,-0.46,0.4915717773600844,0.4925393415614895,0.468954277623449,1.0,0,,0.7698222253836724,0.8065896556763842,0.8103020565477707,1.0,Unchanged
Ascl1,7,0.2936,0.3073,0.454,0.6030685562056481,0.13174261802943432,0.04860331731077938,1.0,0,,0.8123126565185319,0.5405990188104374,0.5424210134622696,1.0,Unchanged
Gata3,26,0.2334,0.0343,0.452,0.6052525676020434,0.4179937707062462,0.7299051099293092,1.0,0,,0.8123126565185319,0.7828090973832436,0.9238387833340275,1.0,Unchanged
Ybx1,27,0.1071,-0.0256,-0.441,0.6329730325338928,0.3411851274946577,0.4724754190595081,1.0,0,,0.8338427033749068,0.7250183959261476,0.8103020565477707,1.0,Unchanged
Wt1,45,0.1214,0.0006,-0.438,0.6440416377782144,0.321766921479094,0.3168424994907485,1.0,0,,0.8349490528255534,0.698760534036944,0.7441629757776133,1.0,Unchanged
Zbtb7a,6,0.0415,0.0441,-0.429,0.3953949534013687,0.9206582557326212,0.9126937212318211,1.0,0,,0.7283195761222688,0.9929435460306747,0.9675388994922685,1.0,Unchanged
Pou4f1,8,0.059,0.0089,-0.427,0.5674406673486819,0.48780970425143444,0.5115315528462322,1.0,0,,0.7974622194854745,0.8050206674662008,0.8277563606317218,1.0,Unchanged
Nfe2l2,48,0.1243,0.0089,-0.425,0.6572007950811779,0.4582523973551784,0.25634107797006767,1.0,0,,0.8349490528255534,0.7988545563664217,0.6847733596625875,1.0,Unchanged
Pitx1,11,0.2614,0.1064,0.422,0.7438457203332239,0.5675287288076556,0.6413548889595535,1.0,0,,0.8974085509845541,0.8733092938979873,0.8925978226640545,1.0,Unchanged
Cited2,10,0.2652,0.0199,0.419,0.7358795799638486,0.7617310150608045,0.8415323160645752,1.0,0,,0.8974085509845541,0.9489239152259258,0.9666148477165597,1.0,Unchanged
Foxa2,29,0.1124,0.0268,-0.418,0.7119144801907883,0.7205603513154815,0.36083915941483446,1.0,0,,0.8855521582861025,0.9489239152259258,0.7818655562641846,1.0,Unchanged
Klf6,17,0.2425,0.0167,0.417,0.8297711744054512,0.7701397920103286,0.8909911138262182,1.0,0,,0.9435176020657611,0.9489239152259258,0.9675388994922685,1.0,Unchanged
Sox17,8,0.2756,0.1644,0.415,0.8027142694220708,0.326781156056416,0.5601609110659724,1.0,0,,0.9426611650778923,0.698760534036944,0.8354844597093631,1.0,Unchanged
Znf382,10,0.0737,0.0456,-0.414,0.0733577381161419,0.7916703787245303,0.6383120599043471,1.0,0,,0.35891418621883425,0.9580553396768043,0.8925978226640545,1.0,Unchanged
Tal1,9,0.0733,0.0156,-0.395,0.39156945052008474,0.9866947326074077,0.7474850516204656,1.0,0,,0.7283195761222688,0.9971967866248478,0.9335777516533772,1.0,Unchanged
Pbx1,8,0.2705,0.2623,0.395,0.6600010053822812,0.5814001241152149,0.31551516574957605,1.0,0,,0.8355331876648029,0.8734454866697122,0.7441629757776133,1.0,Unchanged
Ctcf,27,0.1141,0.0235,-0.392,0.6512201380063288,0.7275435627879404,0.9234483840499724,1.0,0,,0.8349490528255534,0.9489239152259258,0.9675388994922685,1.0,Unchanged
Gata1,41,0.1248,-0.0103,-0.389,0.6138555682824318,0.23133908297241101,0.13308173405156376,1.0,0,,0.81930182113333,0.6607044209692059,0.5718228813019459,1.0,Unchanged
Satb1,12,0.0873,-0.0076,-0.389,0.5515841115726953,0.7509376196682039,0.9187083744701448,1.0,0,,0.7940142251268234,0.9489239152259258,0.9675388994922685,1.0,Unchanged
Hsf2,5,0.0444,0.0202,-0.383,0.2715812368889361,0.7982471800859892,0.9431471625302784,1.0,0,,0.643309047666268,0.9604035431218495,0.9675388994922685,1.0,Unchanged
Znf148,7,0.0636,0.1029,-0.383,0.5599182342921901,0.7488188620299501,0.586422983413728,1.0,0,,0.796377727658613,0.9489239152259258,0.861535000323872,1.0,Unchanged
Ncoa1,7,0.064,0.0566,-0.382,0.5572215133498785,0.8458513044675746,0.9399324169774544,1.0,0,,0.796377727658613,0.9830381423766015,0.9675388994922685,1.0,Unchanged
Mef2d,6,0.2808,0.2026,0.377,0.458416773373743,0.255902529349318,0.3024611563715376,1.0,0,,0.7472821374174714,0.6836164446537715,0.7439092390026648,1.0,Unchanged
Hmga1,16,0.2363,-0.0291,0.371,0.571532406998839,0.8492637846111866,0.5596156781413903,1.0,0,,0.7974622194854745,0.9830381423766015,0.8354844597093631,1.0,Unchanged
Nr5a2,8,0.2626,0.0762,0.365,0.5836752497126622,0.4454894683021582,0.7955003722950349,1.0,0,,0.8045253441985343,0.7952179988459368,0.9593827455157021,1.0,Unchanged
Cebpd,13,0.2414,0.1,0.359,0.7371209301954061,0.8077790684742571,0.8093115866623516,1.0,0,,0.8974085509845541,0.9604035431218495,0.9593827455157021,1.0,Unchanged
Rbmx,7,0.0734,0.0802,-0.348,0.2649452032656774,0.9890075662522183,0.8571119015093481,1.0,0,,0.63909079436383,0.9971967866248478,0.9673468719192105,1.0,Unchanged
Hic1,9,0.2525,0.168,0.345,0.5384162543825107,0.30684526714857907,0.44893771212096845,1.0,0,,0.7813601740429119,0.6916664557492719,0.8053807197346017,1.0,Unchanged
Foxc2,6,0.0683,-0.1333,-0.339,0.7448898686346236,0.30872167772315373,0.19377406912746065,1.0,0,,0.8974085509845541,0.6916664557492719,0.6036698729443277,1.0,Unchanged
Notch1,21,0.2211,0.1072,0.329,0.6150501066210993,0.26634054991536016,0.42318868780168795,1.0,0,,0.81930182113333,0.6836164446537715,0.7827894380580446,1.0,Unchanged
Atf5,6,0.0755,0.1536,-0.315,0.28085902580095645,0.6856339796874686,0.4186269620320251,1.0,0,,0.643309047666268,0.9260379015930292,0.7818655562641846,1.0,Unchanged
Lef1,22,0.2174,-0.0052,0.313,0.7414433256555256,0.820723410078715,0.7323427890294951,1.0,0,,0.8974085509845541,0.964090476894136,0.9238387833340275,1.0,Unchanged
Mycn,32,0.1297,0.0236,-0.305,0.6496167216289019,0.911787231830041,0.872433945156909,1.0,0,,0.8349490528255534,0.9925986347065656,0.9675388994922685,1.0,Unchanged
Hoxb7,10,0.099,0.0343,-0.304,0.6417706033651859,0.8851991579801542,0.7239419173842065,1.0,0,,0.8349490528255534,0.9862297837532461,0.9238387833340275,1.0,Unchanged
Ing1,6,0.0798,0.071,-0.3,0.4182227257844961,0.8663842058726742,0.85002574134076,1.0,0,,0.7283195761222688,0.9838686017639555,0.9666148477165597,1.0,Unchanged
Tbx2,5,0.2648,-0.3054,0.295,0.8520622076048773,0.48371697363198696,0.1162462946580256,1.0,0,,0.9509766433782934,0.8050206674662008,0.5696944221428749,1.0,Unchanged
Nfatc2,16,0.1158,0.0073,-0.292,0.7086683217924638,0.9743263666028336,0.9201588430219626,1.0,0,,0.8855521582861025,0.9971967866248478,0.9675388994922685,1.0,Unchanged
Fos,46,0.1377,0.0405,-0.291,0.7949329363384399,0.9320221429366359,0.5422100866926958,1.0,0,,0.9366041527155875,0.9929435460306747,0.8354844597093631,1.0,Unchanged
Gtf2ird1,6,0.2551,0.0791,0.29,0.8215002013799787,0.9995846786866011,0.895590827433752,1.0,0,,0.9430082697512939,0.999584678686601,0.9675388994922685,1.0,Unchanged
Hoxa1,6,0.2525,0.1515,0.282,0.40241459780674843,0.08591621482933635,0.018970661966387227,1.0,0,,0.7283195761222688,0.5055519168044755,0.38949992345728396,1.0,Unchanged
Usf2,37,0.2021,-0.0084,0.278,0.8192553861041793,0.23647625315504694,0.2484010149127862,1.0,0,,0.9430082697512939,0.6647403336720611,0.6769401704111807,1.0,Unchanged
Ewsr1,7,0.2436,0.1064,0.272,0.7783494706039027,0.7057886892907027,0.8727685248820732,1.0,0,,0.9223079923032356,0.9472427145743642,0.9675388994922685,1.0,Unchanged
Relb,5,0.2572,0.3343,0.271,0.40283058226385615,0.16647030019239384,0.22213555016857645,1.0,0,,0.7283195761222688,0.59344290344933,0.6405580086202493,1.0,Unchanged
Elk1,18,0.1231,0.0128,-0.267,0.5355360495229725,0.8017006371207853,0.5204542910464547,1.0,0,,0.7813601740429119,0.9604035431218495,0.8294740263552871,1.0,Unchanged
Nfic,23,0.1303,0.0226,-0.254,0.6570948684053062,0.9638625957307061,0.7479082268147503,1.0,0,,0.8349490528255534,0.9971967866248478,0.9335777516533772,1.0,Unchanged
Bcl3,14,0.1195,0.045,-0.254,0.6801425394978295,0.9846923873002571,0.6558365271936704,1.0,0,,0.8549679105659337,0.9971967866248478,0.9005140008005397,1.0,Unchanged
Zeb2,5,0.09,0.1507,-0.243,0.763293544194203,0.976666971796613,0.7649418862604235,1.0,0,,0.9113571748405702,0.9971967866248478,0.9449282124393467,1.0,Unchanged
Pou1f1,6,0.2394,-0.1492,0.238,0.8515171675429036,0.4248703785875202,0.28748439642280044,1.0,0,,0.9509766433782934,0.7828090973832436,0.7244030044214728,1.0,Unchanged
Cebpz,5,0.2444,-0.0969,0.232,0.8286761192572567,0.6643949721535063,0.4422430323774106,1.0,0,,0.9435176020657611,0.9087701343249108,0.8033946390526464,1.0,Unchanged
Atf1,19,0.2071,0.0095,0.229,0.8766903151483662,0.5838142203773207,0.8015241714556249,1.0,0,,0.9513022568631206,0.8734454866697122,0.9593827455157021,1.0,Unchanged
Jun,117,0.1538,0.0086,-0.225,0.8207239194105955,0.4275848010916876,0.713531865407447,1.0,0,,0.9430082697512939,0.7828090973832436,0.9238387833340275,1.0,Unchanged
Stat6,28,0.1996,0.0339,0.223,0.7484996359551338,0.6873950810144335,0.4935034068675137,0.014454780932053267,1,Fosb,0.8974085509845541,0.9260379015930292,0.8271395129187906,1.0,Unchanged
Smad4,31,0.14,0.0488,-0.221,0.851526697737439,0.663776022337436,0.6542333864429195,1.0,0,,0.9509766433782934,0.9087701343249108,0.9005140008005397,1.0,Unchanged
Pitx2,14,0.211,0.0163,0.217,0.8599470290150493,0.9849162962412004,0.8741304159915568,1.0,0,,0.9509766433782934,0.9971967866248478,0.9675388994922685,1.0,Unchanged
Npm1,11,0.1229,-0.0693,-0.21,0.8320199197690361,0.13565834442962524,0.0719028438529773,1.0,0,,0.9435176020657611,0.544157628779508,0.5440193558383811,1.0,Unchanged
Nfkb2,9,0.2194,0.0106,0.208,0.8134561059968074,0.9332494015555408,0.9950496591143586,1.0,0,,0.9430082697512939,0.9929435460306747,0.9978447424264776,1.0,Unchanged
Etv2,6,0.1103,0.0328,-0.198,0.500117025636965,0.750011322742879,0.6242104332967418,1.0,0,,0.7746605807335996,0.9489239152259258,0.8913724987477473,1.0,Unchanged
Irf8,19,0.1372,0.0765,-0.19,0.7435841088526707,0.6280669172994373,0.40372911534059475,1.0,0,,0.8974085509845541,0.8755237339028059,0.7818655562641846,1.0,Unchanged
Esr2,16,0.203,0.027,0.187,0.8171721516352941,0.8998268760647935,0.8095697457018534,1.0,0,,0.9430082697512939,0.9914759097380595,0.9593827455157021,1.0,Unchanged
Nfyb,8,0.1208,-0.0177,-0.187,0.7490973338750619,0.9803034427631229,0.8910290051979597,1.0,0,,0.8974085509845541,0.9971967866248478,0.9675388994922685,1.0,Unchanged
Myod1,40,0.1897,0.0914,0.181,0.8922703093969861,0.412926915128086,0.3424971459570667,1.0,0,,0.9623580074160848,0.7828090973832436,0.7700897707514426,1.0,Unchanged
Foxm1,20,0.1398,-0.021,-0.179,0.8157504326406233,0.5519040532685245,0.3921084369855994,1.0,0,,0.9430082697512939,0.860391908370582,0.7818655562641846,1.0,Unchanged
Nr0b2,12,0.1327,0.0615,-0.173,0.7182652797271771,0.7307691486031387,0.7196205904939033,1.0,0,,0.8872688749571012,0.9489239152259258,0.9238387833340275,1.0,Unchanged
Mecp2,16,0.2002,0.091,0.172,0.8562883292741391,0.7902432563142037,0.726506860904153,1.0,0,,0.9509766433782934,0.9580553396768043,0.9238387833340275,1.0,Unchanged
Gtf2i,14,0.1357,0.0124,-0.171,0.832515531234495,0.8209621988118133,0.9623429170461988,1.0,0,,0.9435176020657611,0.964090476894136,0.9815897753871228,1.0,Unchanged
Mlxipl,10,0.1308,0.0333,-0.166,0.7179277824659374,0.9119673730637354,0.45842014151154664,1.0,0,,0.8872688749571012,0.9925986347065656,0.8103020565477707,1.0,Unchanged
Klf10,7,0.2146,-0.0534,0.166,0.8405943196226932,0.7457909161899947,0.6947237568318019,1.0,0,,0.9496587724851312,0.9489239152259258,0.9151895984832223,1.0,Unchanged
Ing4,13,0.1369,0.0106,-0.159,0.8663585577822459,0.6384421609671744,0.5458704267503309,1.0,0,,0.9509766433782934,0.8834257808731832,0.8354844597093631,1.0,Unchanged
Usf1,54,0.1532,-0.0115,-0.158,0.8701534452776497,0.0971435921075829,0.0428397375743792,1.0,0,,0.9509766433782934,0.5055519168044755,0.5157961634780371,1.0,Unchanged
Zeb1,14,0.1981,-0.06,0.15,0.9019744395048851,0.41328891791381317,0.3004231707009377,1.0,0,,0.966951378167847,0.7828090973832436,0.7439092390026648,1.0,Unchanged
Junb,11,0.1977,-0.0024,0.131,0.8712372393180549,0.9268393215271868,0.8616326613478462,1.0,0,,0.9509766433782934,0.9929435460306747,0.9673468719192105,1.0,Unchanged
Meis2,6,0.1308,0.0666,-0.128,0.8709884494222164,0.9414191300233186,0.9345535010530654,1.0,0,,0.9509766433782934,0.9929435460306747,0.9675388994922685,1.0,Unchanged
Sox5,5,0.2105,-0.0363,0.128,0.9265487248119472,0.7787051837755729,0.6764038128289402,1.0,0,,0.9794958520645942,0.9489239152259258,0.9044050980521785,1.0,Unchanged
Nr3c2,7,0.2033,0.0632,0.125,0.8851201586489864,0.9453954510524452,0.9034351199020891,1.0,0,,0.9575390807202672,0.9929435460306747,0.9675388994922685,1.0,Unchanged
Nrf1,22,0.1878,0.0045,0.122,0.8737264398545663,0.7333913435970278,0.44531088770499117,1.0,0,,0.9509766433782934,0.9489239152259258,0.8033946390526464,1.0,Unchanged
Sox4,7,0.1355,0.0485,-0.122,0.7802157245814486,0.7678675435155464,0.8426933940154197,1.0,0,,0.9223079923032356,0.9489239152259258,0.9666148477165597,1.0,Unchanged
Pou5f1,19,0.1882,0.0139,0.115,0.9311465000020127,0.9974869171594983,0.9357508140297713,1.0,0,,0.9794958520645942,0.999584678686601,0.9675388994922685,1.0,Unchanged
Prdm1,11,0.1918,0.0353,0.104,0.9331835304787929,0.6078525247908803,0.7396354761436048,1.0,0,,0.9794958520645942,0.8734454866697122,0.9297530457157285,1.0,Unchanged
Men1,10,0.1919,0.1176,0.1,0.8675609514990862,0.24147795281174123,0.10508795700464213,1.0,0,,0.9509766433782934,0.6682761949906326,0.5696944221428749,1.0,Unchanged
Runx1,34,0.1565,0.0321,-0.1,0.8994752960290796,0.9916102500051007,0.8846295278623295,1.0,0,,0.966951378167847,0.9971967866248478,0.9675388994922685,1.0,Unchanged
Tcf4,20,0.1526,0.0158,-0.1,0.9100718853344443,0.6189963813093479,0.8403563030288215,1.0,0,,0.966951378167847,0.8734454866697122,0.9666148477165597,1.0,Unchanged
Btf3,8,0.1455,0.0658,-0.091,0.8157000750628333,0.5937284006943655,0.682143208510894,1.0,0,,0.9430082697512939,0.8734454866697122,0.9086758411880194,1.0,Unchanged
Spdef,6,0.143,0.037,-0.087,0.9349951701523631,0.6173461126156643,0.5298345411408643,1.0,0,,0.9794958520645942,0.8734454866697122,0.8354844597093631,1.0,Unchanged
Apc,12,0.1507,0.0708,-0.087,0.8537379601085604,0.7629601253332976,0.7226470090759949,1.0,0,,0.9509766433782934,0.9489239152259258,0.9238387833340275,1.0,Unchanged
Srebf1,29,0.1805,0.0414,0.086,0.9098473836113191,0.9262038968154258,0.916769690211275,1.0,0,,0.966951378167847,0.9929435460306747,0.9675388994922685,1.0,Unchanged
Kcnip3,8,0.1497,0.0314,-0.075,0.9415569512485089,0.879143092332498,0.9986550996536837,1.0,0,,0.9794958520645942,0.9838686017639555,0.9986550996536837,1.0,Unchanged
Egr2,11,0.1527,-0.0734,-0.074,0.9523696743299997,0.22511151083669823,0.2224907368877056,1.0,0,,0.9826473229358668,0.6599030704173917,0.6405580086202493,1.0,Unchanged
Yy1,69,0.1628,-0.0078,-0.07,0.9438279358829703,0.4200013991211201,0.5469480276609556,1.0,0,,0.9794958520645942,0.7828090973832436,0.8354844597093631,1.0,Unchanged
Vhl,16,0.1803,0.0604,0.063,0.9403419953285379,0.7316262070048332,0.5404542033837967,1.0,0,,0.9794958520645942,0.9489239152259258,0.8354844597093631,1.0,Unchanged
Mtf1,7,0.1545,-0.0333,-0.052,0.9719761661667184,0.5594622024617928,0.37216040970898534,1.0,0,,0.9942564221246949,0.8683826359950436,0.7818655562641846,1.0,Unchanged
Ldb1,6,0.1553,-0.022,-0.046,0.9508838276014803,0.917911729653573,0.7696876803196431,1.0,0,,0.9826473229358668,0.9929435460306747,0.9475120754279744,1.0,Unchanged
Elf3,7,0.1568,0.4495,-0.044,0.9646186348350508,0.7709660156570919,0.20327951158756552,1.0,0,,0.989565668494578,0.9489239152259258,0.6202631251005204,1.0,Unchanged
Foxg1,5,0.1559,0.0338,-0.04,0.9586993978316473,0.8759542124657486,0.9427536573470539,1.0,0,,0.9863276225530203,0.9838686017639555,0.9675388994922685,1.0,Unchanged
Nr1h4,14,0.161,0.0378,-0.04,0.940639102480489,0.8628731593985494,0.9706672619092821,1.0,0,,0.9794958520645942,0.9838686017639555,0.9844551491523117,1.0,Unchanged
Nr0b1,8,0.1607,0.1329,-0.032,0.9061586971043468,0.26921051948568564,0.266508453797487,1.0,0,,0.966951378167847,0.6836164446537715,0.6955330178154785,1.0,Unchanged
Nfyc,8,0.1731,0.1327,0.016,0.9781460422775576,0.6178211706616041,0.6651190603256409,1.0,0,,0.9955600957437644,0.8734454866697122,0.9013470942413621,1.0,Unchanged
Myb,34,0.1707,-0.0128,0.015,0.9865997624530936,0.5285194920739917,0.7998868568398376,1.0,0,,0.9955600957437644,0.8385842607574002,0.9593827455157021,1.0,Unchanged
Neurog2,5,0.1724,-0.1425,0.011,0.9904139165996676,0.5955199711407242,0.2778022328989007,1.0,0,,0.9955600957437644,0.8734454866697122,0.7083956938921968,1.0,Unchanged
Rxra,13,0.1667,0.0772,-0.011,0.9802818554380492,0.3688636139010121,0.3152190131516375,1.0,0,,0.9955600957437644,0.7482063077423938,0.7441629757776133,1.0,Unchanged
Runx2,42,0.1681,0.0822,-0.007,0.9937775218011901,0.2955409409995441,0.4128773797984495,1.0,0,,0.9955600957437644,0.6916664557492719,0.7818655562641846,1.0,Unchanged
Mef2a,10,0.1673,0.099,-0.007,0.9832783930075942,0.23473091192906126,0.14908390503664182,1.0,0,,0.9955600957437644,0.6647403336720611,0.5718228813019459,1.0,Unchanged
Pou2af1,10,0.1672,0.0243,-0.007,0.9886493640363632,0.564208840636551,0.1501469142884977,1.0,0,,0.9955600957437644,0.8719591173473971,0.5718228813019459,1.0,Unchanged
Nr4a1,13,0.1681,-0.0078,-0.004,0.9955600957437644,0.8154108520192339,0.788449857746629,1.0,0,,0.9955600957437644,0.9639128283803526,0.9575462343843484,1.0,Unchanged
