gene_symbol,cluster_id,k_in,module_name
0610038B21Rik,1,13.13,M_Quiescence
0610040B10Rik,1,15.428,M_Quiescence
1010001B22Rik,1,1.473,M_Quiescence
1110018N20Rik,1,12.54,M_Quiescence
1110035H17Rik,1,1.394,M_Quiescence
1110059G10Rik,1,10.895,M_Quiescence
1110065P20Rik,1,9.062,M_Quiescence
1500026H17Rik,1,12.715,M_Quiescence
1600010M07Rik,1,10.705,M_Quiescence
1600017P15Rik,1,13.916,M_Quiescence
1600029O15Rik,1,16.046,M_Quiescence
1700003E16Rik,1,17.649,M_Quiescence
1700008B11Rik,1,9.673,M_Quiescence
1700008O03Rik,1,19.226,M_Quiescence
1700019A02Rik,1,12.944,M_Quiescence
1700025G04Rik,1,6.127,M_Quiescence
1700028J19Rik,1,11.948,M_Quiescence
1700028K03Rik,1,20.467,M_Quiescence
1700030C10Rik,1,10.048,M_Quiescence
1700030J22Rik,1,2.232,M_Quiescence
1700030K09Rik,1,12.456,M_Quiescence
1700055D18Rik,1,17.63,M_Quiescence
1700064M15Rik,4,0.0,M_1700064M15Rik
1700066M21Rik,1,10.571,M_Quiescence
1700073E17Rik,1,11.787,M_Quiescence
1700095J12Rik,1,11.673,M_Quiescence
1700102P08Rik,1,12.999,M_Quiescence
1810010H24Rik,1,3.094,M_Quiescence
1810044D09Rik,1,2.786,M_Quiescence
2010009K17Rik,1,9.405,M_Quiescence
2210412B16Rik,1,4.064,M_Quiescence
2310001H17Rik,1,16.425,M_Quiescence
2310015A10Rik,1,4.313,M_Quiescence
2310030G06Rik,1,10.914,M_Quiescence
2310039L15Rik,1,12.094,M_Quiescence
2410004B18Rik,1,4.95,M_Quiescence
2510039O18Rik,1,12.889,M_Quiescence
2510046G10Rik,1,4.024,M_Quiescence
2610008E11Rik,1,1.364,M_Quiescence
2610012C04Rik,1,14.913,M_Quiescence
2700049A03Rik,1,8.847,M_Quiescence
2810002D19Rik,1,11.453,M_Quiescence
2810021J22Rik,1,12.913,M_Quiescence
2810428J06Rik,1,11.763,M_Quiescence
2810459M11Rik,1,15.506,M_Quiescence
2900092N22Rik,1,12.605,M_Quiescence
3010003L21Rik,1,13.569,M_Quiescence
3110009E18Rik,1,1.109,M_Quiescence
3110056K07Rik,1,3.126,M_Quiescence
3300002I08Rik,1,16.753,M_Quiescence
4631405J19Rik,1,15.798,M_Quiescence
4632415L05Rik,1,7.207,M_Quiescence
4833412K13Rik,1,13.182,M_Quiescence
4833413G10Rik,1,4.062,M_Quiescence
4833439L19Rik,1,14.165,M_Quiescence
4833445I07Rik,1,2.55,M_Quiescence
4921511C10Rik,1,13.492,M_Quiescence
4921536K21Rik,1,12.814,M_Quiescence
4930404H24Rik,1,2.251,M_Quiescence
4930417O13Rik,1,15.302,M_Quiescence
4930426L09Rik,1,2.514,M_Quiescence
4930447M23Rik,1,11.416,M_Quiescence
4930448H16Rik,1,11.934,M_Quiescence
4930448K20Rik,1,10.49,M_Quiescence
4930470G03Rik,1,10.891,M_Quiescence
4930509H03Rik,1,18.044,M_Quiescence
4930516B21Rik,1,10.557,M_Quiescence
4930520O04Rik,1,22.162,M_Quiescence
4930525G20Rik,1,6.824,M_Quiescence
4930535L15Rik,1,13.063,M_Quiescence
4930550C14Rik,1,15.023,M_Quiescence
4930556I23Rik,1,12.416,M_Quiescence
4930558J18Rik,1,10.61,M_Quiescence
4930558J22Rik,1,7.815,M_Quiescence
4930563E22Rik,1,9.574,M_Quiescence
4930579G24Rik,1,13.0,M_Quiescence
4930589L23Rik,1,15.046,M_Quiescence
4930594C11Rik,1,15.633,M_Quiescence
4930599N24Rik,1,7.176,M_Quiescence
4933406I18Rik,1,13.369,M_Quiescence
4933408J17Rik,1,18.819,M_Quiescence
4933417C20Rik,1,16.987,M_Quiescence
4933434E20Rik,1,14.299,M_Quiescence
4933434M16Rik,1,19.825,M_Quiescence
5033430I15Rik,1,1.401,M_Quiescence
5330411J11Rik,1,19.753,M_Quiescence
5430416N02Rik,1,6.275,M_Quiescence
5430427M07Rik,1,10.317,M_Quiescence
5430434I15Rik,1,12.546,M_Quiescence
5730455P16Rik,1,11.53,M_Quiescence
5930403N24Rik,1,15.083,M_Quiescence
5930420M18Rik,1,20.523,M_Quiescence
6330409D20Rik,1,4.624,M_Quiescence
6330549D23Rik,1,19.644,M_Quiescence
6430550D23Rik,1,14.525,M_Quiescence
6720427I07Rik,1,1.589,M_Quiescence
6820402A03Rik,1,15.104,M_Quiescence
6820408C15Rik,1,20.016,M_Quiescence
6820431F20Rik,1,2.573,M_Quiescence
8030453O22Rik,1,13.426,M_Quiescence
8430422M14Rik,1,3.348,M_Quiescence
9130024F11Rik,1,18.353,M_Quiescence
9130221H12Rik,1,8.917,M_Quiescence
9130230N09Rik,1,11.377,M_Quiescence
9230111E07Rik,1,9.062,M_Quiescence
9230112E08Rik,1,4.41,M_Quiescence
9330158H04Rik,1,20.099,M_Quiescence
9330159F19Rik,1,24.586,M_Quiescence
9430015G10Rik,1,6.582,M_Quiescence
9430097D07Rik,1,13.586,M_Quiescence
9530068E07Rik,1,9.568,M_Quiescence
9630013K17Rik,1,5.266,M_Quiescence
A230083N12Rik,1,13.328,M_Quiescence
A230103J11Rik,1,4.575,M_Quiescence
A2m,1,18.902,M_Quiescence
A330048O09Rik,1,15.615,M_Quiescence
A330069E16Rik,1,7.97,M_Quiescence
A430033K04Rik,1,13.413,M_Quiescence
A530016L24Rik,1,14.115,M_Quiescence
A530083I20Rik,1,15.679,M_Quiescence
A630023P12Rik,1,15.816,M_Quiescence
A630035G10Rik,1,16.636,M_Quiescence
A630072M18Rik,1,0.458,M_Quiescence
A730090N16Rik,1,11.811,M_Quiescence
A830018L16Rik,1,18.99,M_Quiescence
A930028O11Rik,1,4.375,M_Quiescence
A930033H14Rik,1,14.566,M_Quiescence
A930041C12Rik,1,14.637,M_Quiescence
AA986860,1,11.563,M_Quiescence
AI987944,1,10.654,M_Quiescence
AU020206,1,11.647,M_Quiescence
AW047730,1,15.806,M_Quiescence
AW551984,1,19.667,M_Quiescence
Aak1,1,14.647,M_Quiescence
Aasdhppt,1,5.192,M_Quiescence
Aatf,1,10.456,M_Quiescence
Aatk,1,3.158,M_Quiescence
Abca13,1,13.886,M_Quiescence
Abca14,1,20.484,M_Quiescence
Abca2,1,17.136,M_Quiescence
Abca5,1,14.746,M_Quiescence
Abca7,1,16.843,M_Quiescence
Abca9,1,10.791,M_Quiescence
Abcb10,1,1.067,M_Quiescence
Abcb1a,1,18.852,M_Quiescence
Abcb1b,1,2.539,M_Quiescence
Abcb5,1,16.87,M_Quiescence
Abcb6,1,14.112,M_Quiescence
Abcd3,1,8.755,M_Quiescence
Abcf2,1,4.74,M_Quiescence
Abhd12,1,6.12,M_Quiescence
Abhd13,1,8.718,M_Quiescence
Abhd14a,1,4.58,M_Quiescence
Abhd14b,1,0.892,M_Quiescence
Abhd15,1,4.855,M_Quiescence
Abhd16b,1,18.27,M_Quiescence
Abhd17c,1,10.998,M_Quiescence
Abhd18,1,15.227,M_Quiescence
Abhd2,1,10.179,M_Quiescence
Abhd5,1,9.524,M_Quiescence
Abhd8,1,1.651,M_Quiescence
Abi3,1,8.841,M_Quiescence
Abl1,1,25.084,M_Quiescence
Ablim2,1,14.55,M_Quiescence
Abracl,1,9.872,M_Quiescence
Abtb2,1,15.875,M_Quiescence
Acaa1a,1,4.062,M_Quiescence
Acaca,1,15.791,M_Quiescence
Acad10,1,9.512,M_Quiescence
Acad11,1,14.043,M_Quiescence
Acad12,1,11.757,M_Quiescence
Acad8,1,1.707,M_Quiescence
Acadl,1,5.13,M_Quiescence
Acadm,1,6.507,M_Quiescence
Acads,1,10.556,M_Quiescence
Acadvl,1,4.733,M_Quiescence
Acap3,1,6.938,M_Quiescence
Acat1,1,10.754,M_Quiescence
Acbd3,1,5.395,M_Quiescence
Acbd4,1,10.538,M_Quiescence
Acbd5,1,2.823,M_Quiescence
Acbd7,1,16.853,M_Quiescence
Accs,1,7.105,M_Quiescence
Acd,1,0.892,M_Quiescence
Ace,1,2.258,M_Quiescence
Acer2,1,16.607,M_Quiescence
Acer3,1,7.9,M_Quiescence
Ackr4,1,20.696,M_Quiescence
Acmsd,1,12.866,M_Quiescence
Aco1,1,2.997,M_Quiescence
Acot13,1,12.614,M_Quiescence
Acot2,1,7.19,M_Quiescence
Acot4,1,17.872,M_Quiescence
Acot6,1,4.78,M_Quiescence
Acot8,1,1.459,M_Quiescence
Acoxl,1,13.632,M_Quiescence
Acp2,1,3.623,M_Quiescence
Acp5,1,4.188,M_Quiescence
Acp6,1,2.095,M_Quiescence
Acrbp,1,6.627,M_Quiescence
Acsbg1,1,15.142,M_Quiescence
Acsf2,1,10.89,M_Quiescence
Acsf3,1,1.787,M_Quiescence
Acsl6,1,19.599,M_Quiescence
Acss2,1,18.023,M_Quiescence
Acss3,1,21.849,M_Quiescence
Actg1,1,2.315,M_Quiescence
Actl6b,1,16.064,M_Quiescence
Actn1,1,8.139,M_Quiescence
Actr3,1,9.068,M_Quiescence
Actr3b,1,16.06,M_Quiescence
Acvr1,1,12.043,M_Quiescence
Acvr1c,1,22.744,M_Quiescence
Acy1,1,6.429,M_Quiescence
Acyp1,1,4.107,M_Quiescence
Ada,1,16.599,M_Quiescence
Adad1,1,17.189,M_Quiescence
Adal,1,9.006,M_Quiescence
Adam10,1,2.881,M_Quiescence
Adam11,1,9.632,M_Quiescence
Adam19,1,9.971,M_Quiescence
Adam23,1,22.466,M_Quiescence
Adam32,1,18.537,M_Quiescence
Adamts16,1,3.59,M_Quiescence
Adamts17,1,19.015,M_Quiescence
Adamts3,1,23.405,M_Quiescence
Adamts4,1,14.862,M_Quiescence
Adamtsl1,1,26.339,M_Quiescence
Adamtsl5,1,16.293,M_Quiescence
Adap2,1,1.845,M_Quiescence
Adar,1,9.29,M_Quiescence
Adat2,1,3.864,M_Quiescence
Adck1,1,3.449,M_Quiescence
Adcy1,1,14.176,M_Quiescence
Adcy10,1,25.132,M_Quiescence
Adcy3,1,13.986,M_Quiescence
Adcy7,1,13.134,M_Quiescence
Adgb,1,13.296,M_Quiescence
Adgra1,1,14.391,M_Quiescence
Adgra2,1,16.387,M_Quiescence
Adgra3,1,6.251,M_Quiescence
Adgrb2,1,15.425,M_Quiescence
Adgre5,1,1.68,M_Quiescence
Adgrg1,1,6.649,M_Quiescence
Adgrg3,1,9.852,M_Quiescence
Adgrg5,1,15.571,M_Quiescence
Adgrg6,1,18.573,M_Quiescence
Adgrl3,1,25.046,M_Quiescence
Adgrl4,1,21.261,M_Quiescence
Adh5,1,7.901,M_Quiescence
Adhfe1,1,13.451,M_Quiescence
Adm,1,2.049,M_Quiescence
Adora1,1,12.09,M_Quiescence
Adora2a,1,10.244,M_Quiescence
Adora2b,1,12.633,M_Quiescence
Adrm1,1,9.485,M_Quiescence
Adtrp,1,4.682,M_Quiescence
Aebp1,1,19.728,M_Quiescence
Aebp2,1,11.71,M_Quiescence
Afap1,1,17.728,M_Quiescence
Aff4,1,12.259,M_Quiescence
Afg3l1,1,1.102,M_Quiescence
Afp,1,16.576,M_Quiescence
Aftph,1,7.887,M_Quiescence
Aga,1,16.576,M_Quiescence
Agap1,1,19.243,M_Quiescence
Agap2,1,12.991,M_Quiescence
Agap3,1,15.633,M_Quiescence
Agbl2,1,13.543,M_Quiescence
Agbl3,1,13.322,M_Quiescence
Agbl5,1,13.794,M_Quiescence
Agfg2,1,8.338,M_Quiescence
Agl,1,15.716,M_Quiescence
Agpat3,1,21.066,M_Quiescence
Agpat5,1,8.88,M_Quiescence
Agt,1,13.227,M_Quiescence
Ahctf1,1,10.284,M_Quiescence
Ahcyl1,1,10.768,M_Quiescence
Ahcyl2,1,13.121,M_Quiescence
Ahdc1,1,11.007,M_Quiescence
Ahi1,1,18.285,M_Quiescence
Ahrr,1,17.295,M_Quiescence
Aifm2,1,9.813,M_Quiescence
Aig1,1,10.812,M_Quiescence
Aim2,1,11.067,M_Quiescence
Aipl1,1,18.432,M_Quiescence
Ajap1,1,9.334,M_Quiescence
Ak1,1,3.844,M_Quiescence
Akap10,1,1.399,M_Quiescence
Akap12,1,6.481,M_Quiescence
Akap13,1,18.403,M_Quiescence
Akirin1,1,12.375,M_Quiescence
Akna,1,19.24,M_Quiescence
Aknaos,1,10.676,M_Quiescence
Akr1b10,1,4.232,M_Quiescence
Akr1b7,1,16.338,M_Quiescence
Akr1c13,1,9.338,M_Quiescence
Akr1cl,1,28.516,M_Quiescence
Akr1d1,1,14.785,M_Quiescence
Akt1,1,12.288,M_Quiescence
Akt2,1,2.138,M_Quiescence
Akt3,1,6.055,M_Quiescence
Alad,1,2.227,M_Quiescence
Aldh1a3,1,21.719,M_Quiescence
Aldh1b1,1,4.298,M_Quiescence
Aldh1l1,1,17.687,M_Quiescence
Aldh1l2,1,12.652,M_Quiescence
Aldh3a1,1,19.413,M_Quiescence
Aldh3a2,1,7.529,M_Quiescence
Aldoc,1,9.467,M_Quiescence
Alg11,1,12.827,M_Quiescence
Alg14,1,14.521,M_Quiescence
Alg2,1,5.03,M_Quiescence
Alg5,1,11.903,M_Quiescence
Alg6,1,15.194,M_Quiescence
Alg8,1,10.921,M_Quiescence
Alkbh2,1,5.211,M_Quiescence
Alkbh3,1,9.947,M_Quiescence
Alkbh4,1,4.413,M_Quiescence
Alkbh5,1,6.349,M_Quiescence
Alkbh6,1,8.594,M_Quiescence
Alox5,1,6.951,M_Quiescence
Als2cl,1,5.761,M_Quiescence
Amd1,1,10.167,M_Quiescence
Amn,1,14.279,M_Quiescence
Amotl1,1,3.507,M_Quiescence
Ampd3,1,1.409,M_Quiescence
Amt,1,7.249,M_Quiescence
Amy1,1,3.406,M_Quiescence
Anapc1,1,4.69,M_Quiescence
Anapc10,1,8.507,M_Quiescence
Anapc11,1,7.016,M_Quiescence
Anapc13,1,2.75,M_Quiescence
Anapc15-ps,1,11.066,M_Quiescence
Anapc2,1,2.875,M_Quiescence
Anapc4,1,7.156,M_Quiescence
Anapc5,1,8.419,M_Quiescence
Anapc7,1,5.342,M_Quiescence
Angel2,1,1.726,M_Quiescence
Angpt2,1,21.267,M_Quiescence
Angptl7,1,9.372,M_Quiescence
Ank1,1,10.736,M_Quiescence
Ankdd1a,1,18.942,M_Quiescence
Ankfy1,1,6.397,M_Quiescence
Ankib1,1,12.332,M_Quiescence
Ankle1,1,18.425,M_Quiescence
Ankle2,1,4.199,M_Quiescence
Ankrd10,1,3.424,M_Quiescence
Ankrd11,1,10.94,M_Quiescence
Ankrd13a,1,17.081,M_Quiescence
Ankrd13b,1,10.732,M_Quiescence
Ankrd17,1,10.835,M_Quiescence
Ankrd23,1,8.351,M_Quiescence
Ankrd24,1,2.988,M_Quiescence
Ankrd26,1,7.322,M_Quiescence
Ankrd34a,1,8.311,M_Quiescence
Ankrd37,1,4.171,M_Quiescence
Ankrd44,1,8.266,M_Quiescence
Ankrd49,1,5.466,M_Quiescence
Ankrd6,1,23.001,M_Quiescence
Ankrd63,1,5.041,M_Quiescence
Ankrd9,1,4.312,M_Quiescence
Ankzf1,1,4.827,M_Quiescence
Anln,1,14.603,M_Quiescence
Ano10,1,2.133,M_Quiescence
Ano3,1,20.256,M_Quiescence
Ano4,1,14.316,M_Quiescence
Anp32b,1,12.124,M_Quiescence
Antxr1,1,21.449,M_Quiescence
Anxa6,1,7.602,M_Quiescence
Anxa9,1,13.09,M_Quiescence
Aoc2,1,6.573,M_Quiescence
Aox2,1,22.319,M_Quiescence
Ap1g1,1,13.848,M_Quiescence
Ap1m2,1,18.871,M_Quiescence
Ap1s1,1,9.057,M_Quiescence
Ap1s3,1,8.164,M_Quiescence
Ap2a2,1,8.62,M_Quiescence
Ap2s1,1,11.778,M_Quiescence
Ap3s2,1,2.438,M_Quiescence
Ap4e1,1,10.115,M_Quiescence
Ap4s1,1,1.916,M_Quiescence
Apaf1,1,5.131,M_Quiescence
Apba2,1,11.683,M_Quiescence
Apba3,1,9.066,M_Quiescence
Apbb1,1,2.411,M_Quiescence
Apbb2,1,17.533,M_Quiescence
Apc2,1,15.173,M_Quiescence
Aph1a,1,9.693,M_Quiescence
Api5,1,10.866,M_Quiescence
Aplnr,1,11.865,M_Quiescence
Aplp2,1,5.147,M_Quiescence
Apobec1,1,5.909,M_Quiescence
Apoc1,1,12.111,M_Quiescence
Apoc4,1,12.137,M_Quiescence
Apoe,1,2.237,M_Quiescence
Apoh,1,18.687,M_Quiescence
Apold1,1,11.693,M_Quiescence
Appbp2,1,10.604,M_Quiescence
Appl2,1,11.341,M_Quiescence
Aprt,1,6.589,M_Quiescence
Aqp11,1,17.439,M_Quiescence
Aqr,1,10.891,M_Quiescence
Arap2,1,17.523,M_Quiescence
Arel1,1,9.516,M_Quiescence
Arf1,1,13.179,M_Quiescence
Arf2,1,6.543,M_Quiescence
Arf5,1,12.603,M_Quiescence
Arf6,1,14.289,M_Quiescence
Arfgap1,1,8.982,M_Quiescence
Arfgef2,1,6.773,M_Quiescence
Arfgef3,1,19.246,M_Quiescence
Arfrp1,1,8.114,M_Quiescence
Arg1,1,21.189,M_Quiescence
Arglu1,1,12.242,M_Quiescence
Arhgap10,1,19.361,M_Quiescence
Arhgap11a,1,10.193,M_Quiescence
Arhgap15,1,14.404,M_Quiescence
Arhgap20,1,17.484,M_Quiescence
Arhgap21,1,9.459,M_Quiescence
Arhgap24,1,14.01,M_Quiescence
Arhgap27,1,12.316,M_Quiescence
Arhgap27os1,1,3.486,M_Quiescence
Arhgap29,1,7.408,M_Quiescence
Arhgap30,1,13.319,M_Quiescence
Arhgap32,1,9.657,M_Quiescence
Arhgap35,1,9.72,M_Quiescence
Arhgap42,1,13.215,M_Quiescence
Arhgap44,1,18.375,M_Quiescence
Arhgap5,1,3.415,M_Quiescence
Arhgap9,1,11.511,M_Quiescence
Arhgdib,1,21.824,M_Quiescence
Arhgef10l,1,5.648,M_Quiescence
Arhgef16,1,17.938,M_Quiescence
Arhgef17,1,15.213,M_Quiescence
Arhgef19,1,14.724,M_Quiescence
Arhgef2,1,10.594,M_Quiescence
Arhgef26,1,22.08,M_Quiescence
Arhgef39,1,7.487,M_Quiescence
Arhgef4,1,13.479,M_Quiescence
Arid1a,1,16.861,M_Quiescence
Arid4b,1,6.529,M_Quiescence
Arid5a,1,8.568,M_Quiescence
Arih2,1,8.317,M_Quiescence
Arl1,1,16.326,M_Quiescence
Arl10,1,1.355,M_Quiescence
Arl2bp,1,1.021,M_Quiescence
Arl4a,1,10.285,M_Quiescence
Arl4aos,1,10.528,M_Quiescence
Arl4d,1,1.737,M_Quiescence
Arl6ip4,1,11.144,M_Quiescence
Armc10,1,2.971,M_Quiescence
Armc3,1,6.725,M_Quiescence
Armc5,1,6.016,M_Quiescence
Armc6,1,10.227,M_Quiescence
Armc7,1,2.158,M_Quiescence
Arpc1a,1,2.078,M_Quiescence
Arpc2,1,19.067,M_Quiescence
Arpc4,1,7.549,M_Quiescence
Arpc5,1,18.076,M_Quiescence
Arpc5l,1,9.88,M_Quiescence
Arpp19,1,9.194,M_Quiescence
Arpp21,1,22.422,M_Quiescence
Arrb2,1,19.301,M_Quiescence
Arrdc1,1,8.736,M_Quiescence
Arrdc2,1,1.637,M_Quiescence
Arrdc3,1,2.943,M_Quiescence
Arsg,1,1.796,M_Quiescence
Art3,1,6.622,M_Quiescence
Asah1,1,13.547,M_Quiescence
Asb10,1,3.639,M_Quiescence
Asb15,1,24.431,M_Quiescence
Asb3,1,12.755,M_Quiescence
Ascc1,1,8.383,M_Quiescence
Ascc3,1,8.871,M_Quiescence
Ascl2,1,8.574,M_Quiescence
Ascl3,1,10.557,M_Quiescence
Asgr2,1,4.703,M_Quiescence
Asl,1,9.042,M_Quiescence
Aspdh,1,15.106,M_Quiescence
Asphd1,1,1.263,M_Quiescence
Asphd2,1,18.545,M_Quiescence
Aspm,1,18.859,M_Quiescence
Aspscr1,1,3.473,M_Quiescence
Aste1,1,8.224,M_Quiescence
Astn2,1,16.752,M_Quiescence
Atad3a,1,6.078,M_Quiescence
Atf2,1,6.679,M_Quiescence
Atg16l1,1,2.514,M_Quiescence
Atg4a-ps,1,13.908,M_Quiescence
Atg4b,1,18.613,M_Quiescence
Atg4c,1,9.562,M_Quiescence
Atg4d,1,1.437,M_Quiescence
Atg7,1,12.9,M_Quiescence
Atm,1,10.027,M_Quiescence
Atmin,1,9.964,M_Quiescence
Atox1,1,12.648,M_Quiescence
Atp10b,1,17.041,M_Quiescence
Atp10d,1,9.405,M_Quiescence
Atp1a1,1,15.302,M_Quiescence
Atp1a3,1,5.251,M_Quiescence
Atp1b2,1,5.477,M_Quiescence
Atp1b3,1,10.316,M_Quiescence
Atp2a2,1,22.004,M_Quiescence
Atp2a3,1,3.396,M_Quiescence
Atp2b2,1,19.467,M_Quiescence
Atp2b4,1,17.264,M_Quiescence
Atp4a,1,13.253,M_Quiescence
Atp6v0a2,1,6.014,M_Quiescence
Atp6v0e2,1,8.157,M_Quiescence
Atp6v1b1,1,17.055,M_Quiescence
Atp6v1h,1,14.011,M_Quiescence
Atp8a1,1,11.708,M_Quiescence
Atp8b2,1,17.375,M_Quiescence
Atp8b4,1,9.639,M_Quiescence
Atp8b5,1,11.971,M_Quiescence
Atp9a,1,13.855,M_Quiescence
Atpaf1,1,9.763,M_Quiescence
Atpaf2,1,6.973,M_Quiescence
Atr,1,12.217,M_Quiescence
Atraid,1,10.865,M_Quiescence
Atrip,1,20.016,M_Quiescence
Atrn,1,10.62,M_Quiescence
Atxn2l,1,16.708,M_Quiescence
Atxn3,1,1.306,M_Quiescence
Atxn7l2,1,10.008,M_Quiescence
Auh,1,10.264,M_Quiescence
Aunip,1,14.914,M_Quiescence
Aurkb,1,14.093,M_Quiescence
Avil,1,14.939,M_Quiescence
Azin2,1,18.926,M_Quiescence
B230208H11Rik,1,14.388,M_Quiescence
B230219D22Rik,1,1.074,M_Quiescence
B230303O12Rik,1,17.514,M_Quiescence
B3galnt1,1,9.148,M_Quiescence
B3galt2,1,10.918,M_Quiescence
B3gat1,1,15.111,M_Quiescence
B3glct,1,1.435,M_Quiescence
B3gnt2,1,8.606,M_Quiescence
B3gnt3,1,6.164,M_Quiescence
B3gnt6,1,10.666,M_Quiescence
B3gnt8,1,1.806,M_Quiescence
B3gntl1,1,8.443,M_Quiescence
B4galnt1,1,3.704,M_Quiescence
B4galnt4,1,16.771,M_Quiescence
B4galt1,1,2.886,M_Quiescence
B4galt7,1,4.084,M_Quiescence
B930082K07Rik,1,16.513,M_Quiescence
B9d2,1,5.89,M_Quiescence
BB187690,1,12.71,M_Quiescence
BC005537,1,14.363,M_Quiescence
BC005624,1,5.03,M_Quiescence
BC025920,1,11.54,M_Quiescence
BC034090,1,16.465,M_Quiescence
BC035044,1,7.67,M_Quiescence
BC048559,1,6.541,M_Quiescence
BC049715,1,11.456,M_Quiescence
Bace1,1,13.348,M_Quiescence
Bach2,1,6.756,M_Quiescence
Bach2os,1,2.078,M_Quiescence
Bag3,1,0.966,M_Quiescence
Bag4,1,13.709,M_Quiescence
Bahcc1,1,5.456,M_Quiescence
Bahd1,1,10.504,M_Quiescence
Baiap2,1,5.524,M_Quiescence
Baiap2l1,1,13.359,M_Quiescence
Barhl1,1,9.788,M_Quiescence
Bax,1,12.07,M_Quiescence
Baz1a,1,11.72,M_Quiescence
Baz1b,1,21.439,M_Quiescence
Bbc3,1,4.319,M_Quiescence
Bbs5,1,12.854,M_Quiescence
Bcam,1,15.349,M_Quiescence
Bcan,1,6.361,M_Quiescence
Bcar1,1,19.036,M_Quiescence
Bcar3,1,8.92,M_Quiescence
Bcas1,1,5.607,M_Quiescence
Bcas2,1,4.523,M_Quiescence
Bckdha,1,9.855,M_Quiescence
Bckdhb,1,3.459,M_Quiescence
Bckdk,1,13.165,M_Quiescence
Bcl10,1,2.294,M_Quiescence
Bcl11a,1,13.034,M_Quiescence
Bcl11b,1,22.428,M_Quiescence
Bcl2,1,10.709,M_Quiescence
Bcl2a1a,1,4.689,M_Quiescence
Bcl2a1b,1,11.185,M_Quiescence
Bcl2l1,1,10.301,M_Quiescence
Bcl2l11,1,4.556,M_Quiescence
Bcl2l12,1,7.919,M_Quiescence
Bcl6b,1,15.211,M_Quiescence
Bcl7a,1,5.428,M_Quiescence
Bcl7b,1,8.018,M_Quiescence
Bcl9l,1,33.421,M_Quiescence
Bclaf1,1,9.507,M_Quiescence
Bcr,1,7.778,M_Quiescence
Bcs1l,1,4.993,M_Quiescence
Bdh2,1,20.933,M_Quiescence
Bend7,1,19.653,M_Quiescence
Bet1l,1,4.774,M_Quiescence
Bfsp1,1,11.546,M_Quiescence
Bfsp2,1,12.969,M_Quiescence
Bhlha15,1,15.278,M_Quiescence
Bicd1,1,14.365,M_Quiescence
Birc3,1,1.558,M_Quiescence
Birc5,1,19.752,M_Quiescence
Blcap,1,6.384,M_Quiescence
Blmh,1,7.217,M_Quiescence
Bloc1s5,1,5.336,M_Quiescence
Bloc1s6os,1,12.623,M_Quiescence
Blvra,1,10.511,M_Quiescence
Blzf1,1,9.071,M_Quiescence
Bmp2k,1,10.723,M_Quiescence
Bmp8b,1,19.594,M_Quiescence
Bnc2,1,16.281,M_Quiescence
Bnip3,1,7.642,M_Quiescence
Bod1,1,5.483,M_Quiescence
Bok,1,13.437,M_Quiescence
Bola2,1,3.366,M_Quiescence
Borcs8,1,3.825,M_Quiescence
Bpifb1,1,16.938,M_Quiescence
Bpifb6,1,21.187,M_Quiescence
Brat1,1,3.073,M_Quiescence
Brca1,1,14.426,M_Quiescence
Brca2,1,15.668,M_Quiescence
Brd9,1,10.341,M_Quiescence
Brdt,1,11.994,M_Quiescence
Brf1,1,10.568,M_Quiescence
Brf2,1,1.679,M_Quiescence
Bri3bp,1,13.383,M_Quiescence
Brinp1,1,22.037,M_Quiescence
Brinp2,1,21.433,M_Quiescence
Brinp3,1,15.907,M_Quiescence
Brk1,1,9.66,M_Quiescence
Brox,1,1.378,M_Quiescence
Bsg,1,13.921,M_Quiescence
Bsn,1,9.025,M_Quiescence
Bspry,1,22.342,M_Quiescence
Bst2,1,13.573,M_Quiescence
Btbd1,1,8.297,M_Quiescence
Btbd16,1,22.923,M_Quiescence
Btbd18,1,22.194,M_Quiescence
Btbd2,1,10.43,M_Quiescence
Btbd3,1,5.129,M_Quiescence
Btbd6,1,6.541,M_Quiescence
Btbd7,1,11.232,M_Quiescence
Btnl10,1,16.956,M_Quiescence
Bub1b,1,10.635,M_Quiescence
Bub3,1,14.085,M_Quiescence
Bud31,1,10.007,M_Quiescence
C130050O18Rik,1,14.058,M_Quiescence
C130089K02Rik,1,20.948,M_Quiescence
C130093G08Rik,1,18.47,M_Quiescence
C1d,1,14.718,M_Quiescence
C1galt1,1,12.792,M_Quiescence
C1qbp,1,7.683,M_Quiescence
C1ql1,1,5.232,M_Quiescence
C1ql3,1,12.503,M_Quiescence
C1qtnf1,1,20.504,M_Quiescence
C1qtnf4,1,6.975,M_Quiescence
C1ra,1,5.671,M_Quiescence
C1rl,1,3.703,M_Quiescence
C2cd2l,1,10.469,M_Quiescence
C2cd3,1,11.933,M_Quiescence
C3ar1,1,9.452,M_Quiescence
C530005A16Rik,1,8.339,M_Quiescence
C5ar1,1,8.998,M_Quiescence
C78197,1,14.264,M_Quiescence
Cabp7,1,1.379,M_Quiescence
Cachd1,1,22.02,M_Quiescence
Cacna1a,1,5.0,M_Quiescence
Cacna1b,1,21.044,M_Quiescence
Cacna1e,1,16.713,M_Quiescence
Cacna1g,1,17.316,M_Quiescence
Cacna1s,1,19.203,M_Quiescence
Cacna2d1,1,23.991,M_Quiescence
Cacna2d2,1,16.303,M_Quiescence
Cacna2d4,1,22.363,M_Quiescence
Cacnb1,1,5.839,M_Quiescence
Cacnb2,1,10.875,M_Quiescence
Cacng3,1,16.159,M_Quiescence
Cacng4,1,9.575,M_Quiescence
Cacng8,1,11.946,M_Quiescence
Cactin,1,10.25,M_Quiescence
Calb1,1,14.588,M_Quiescence
Cald1,1,14.151,M_Quiescence
Calm1,1,9.133,M_Quiescence
Calm3,1,11.215,M_Quiescence
Calml4,1,23.392,M_Quiescence
Calr,1,15.624,M_Quiescence
Calr3,1,16.393,M_Quiescence
Calu,1,6.681,M_Quiescence
Caly,1,15.087,M_Quiescence
Camk1,1,5.103,M_Quiescence
Camk2n1,1,9.244,M_Quiescence
Caml,1,10.584,M_Quiescence
Camsap2,1,15.958,M_Quiescence
Cand2,1,10.899,M_Quiescence
Cant1,1,2.111,M_Quiescence
Cap2,1,20.184,M_Quiescence
Capn10,1,11.797,M_Quiescence
Capn3,1,11.735,M_Quiescence
Capn8,1,16.136,M_Quiescence
Capns1,1,13.067,M_Quiescence
Capns2,1,9.8,M_Quiescence
Caprin2,1,13.165,M_Quiescence
Capza1,1,10.813,M_Quiescence
Capza2,1,25.007,M_Quiescence
Capzb,1,13.612,M_Quiescence
Car10,1,21.829,M_Quiescence
Car11,1,0.805,M_Quiescence
Car12,1,15.609,M_Quiescence
Car13,1,9.706,M_Quiescence
Car3,1,18.926,M_Quiescence
Car9,1,6.597,M_Quiescence
Card11,1,3.05,M_Quiescence
Card9,1,13.451,M_Quiescence
Casc3,1,15.239,M_Quiescence
Casd1,1,11.398,M_Quiescence
Casp12,1,10.406,M_Quiescence
Casp2,1,13.59,M_Quiescence
Casp4,1,1.655,M_Quiescence
Casp8ap2,1,7.447,M_Quiescence
Casq1,1,16.576,M_Quiescence
Cass4,1,9.902,M_Quiescence
Cat,1,6.066,M_Quiescence
Catip,1,12.663,M_Quiescence
Catsperg1,1,15.951,M_Quiescence
Cav1,1,9.013,M_Quiescence
Cav2,1,6.257,M_Quiescence
Cblc,1,15.197,M_Quiescence
Cbll1,1,4.622,M_Quiescence
Cbr4,1,6.203,M_Quiescence
Cbx1,1,4.651,M_Quiescence
Cbx3,1,10.602,M_Quiescence
Cby3,1,12.056,M_Quiescence
Cc2d1b,1,10.439,M_Quiescence
Cc2d2a,1,9.533,M_Quiescence
Ccar1,1,2.37,M_Quiescence
Ccdc103,1,9.57,M_Quiescence
Ccdc106,1,8.558,M_Quiescence
Ccdc115,1,8.97,M_Quiescence
Ccdc117,1,1.467,M_Quiescence
Ccdc12,1,10.91,M_Quiescence
Ccdc124,1,10.123,M_Quiescence
Ccdc126,1,8.387,M_Quiescence
Ccdc136,1,19.94,M_Quiescence
Ccdc137,1,5.236,M_Quiescence
Ccdc141,1,20.334,M_Quiescence
Ccdc148,1,20.29,M_Quiescence
Ccdc149,1,8.637,M_Quiescence
Ccdc150,1,14.644,M_Quiescence
Ccdc153,1,17.364,M_Quiescence
Ccdc158,1,19.336,M_Quiescence
Ccdc163,1,2.433,M_Quiescence
Ccdc170,1,19.625,M_Quiescence
Ccdc171,1,4.361,M_Quiescence
Ccdc174,1,7.562,M_Quiescence
Ccdc181,1,1.477,M_Quiescence
Ccdc187,1,19.97,M_Quiescence
Ccdc24,1,12.585,M_Quiescence
Ccdc27,1,12.929,M_Quiescence
Ccdc28a,1,0.894,M_Quiescence
Ccdc28b,1,7.403,M_Quiescence
Ccdc30,1,19.789,M_Quiescence
Ccdc34,1,10.25,M_Quiescence
Ccdc38,1,18.755,M_Quiescence
Ccdc40,1,14.598,M_Quiescence
Ccdc51,1,6.095,M_Quiescence
Ccdc69,1,11.612,M_Quiescence
Ccdc71,1,5.211,M_Quiescence
Ccdc82,1,10.292,M_Quiescence
Ccdc83,1,21.772,M_Quiescence
Ccdc85a,1,17.205,M_Quiescence
Ccdc85c,1,18.184,M_Quiescence
Ccdc88a,1,8.362,M_Quiescence
Ccdc9,1,9.939,M_Quiescence
Ccdc90b,1,5.07,M_Quiescence
Ccdc92,1,16.054,M_Quiescence
Ccdc96,1,10.652,M_Quiescence
Ccdc97,1,11.944,M_Quiescence
Cckbr,1,17.532,M_Quiescence
Ccl12,1,5.435,M_Quiescence
Ccl17,1,3.668,M_Quiescence
Ccl24,1,10.286,M_Quiescence
Ccl27a,1,1.725,M_Quiescence
Ccl3,1,4.992,M_Quiescence
Ccl5,1,3.426,M_Quiescence
Ccl8,1,15.382,M_Quiescence
Ccnd1,1,7.019,M_Quiescence
Ccnd2,1,11.725,M_Quiescence
Ccndbp1,1,7.907,M_Quiescence
Ccne1,1,13.957,M_Quiescence
Ccnjl,1,16.197,M_Quiescence
Ccnl2,1,7.019,M_Quiescence
Ccnt2,1,7.107,M_Quiescence
Ccnyl1,1,6.23,M_Quiescence
Ccpg1,1,18.442,M_Quiescence
Ccr10,1,4.82,M_Quiescence
Ccr4,1,16.874,M_Quiescence
Ccr5,1,2.486,M_Quiescence
Ccrl2,1,2.406,M_Quiescence
Ccser1,1,22.572,M_Quiescence
Cct3,1,9.903,M_Quiescence
Cct4,1,11.88,M_Quiescence
Cct6a,1,9.068,M_Quiescence
Ccz1,1,4.974,M_Quiescence
Cd101,1,5.694,M_Quiescence
Cd151,1,5.502,M_Quiescence
Cd160,1,10.195,M_Quiescence
Cd163,1,9.246,M_Quiescence
Cd1d1,1,10.438,M_Quiescence
Cd209b,1,19.818,M_Quiescence
Cd209g,1,20.225,M_Quiescence
Cd22,1,1.714,M_Quiescence
Cd27,1,17.467,M_Quiescence
Cd2bp2,1,8.961,M_Quiescence
Cd302,1,9.775,M_Quiescence
Cd36,1,3.768,M_Quiescence
Cd38,1,10.73,M_Quiescence
Cd3e,1,11.553,M_Quiescence
Cd3g,1,4.746,M_Quiescence
Cd40,1,14.025,M_Quiescence
Cd44,1,8.559,M_Quiescence
Cd52,1,9.58,M_Quiescence
Cd53,1,11.931,M_Quiescence
Cd55,1,8.13,M_Quiescence
Cd5l,1,12.39,M_Quiescence
Cd63,1,11.188,M_Quiescence
Cd68,1,13.65,M_Quiescence
Cd72,1,1.386,M_Quiescence
Cd79b,1,2.595,M_Quiescence
Cd81,1,26.135,M_Quiescence
Cd82,1,9.056,M_Quiescence
Cd83,1,2.255,M_Quiescence
Cd84,1,5.373,M_Quiescence
Cd93,1,8.019,M_Quiescence
Cda,1,21.109,M_Quiescence
Cdan1,1,10.078,M_Quiescence
Cdc20,1,12.176,M_Quiescence
Cdc25a,1,7.197,M_Quiescence
Cdc25b,1,11.787,M_Quiescence
Cdc26,1,17.434,M_Quiescence
Cdc40,1,2.862,M_Quiescence
Cdc42,1,17.45,M_Quiescence
Cdc42bpa,1,9.556,M_Quiescence
Cdc42bpb,1,19.788,M_Quiescence
Cdc42se1,1,6.447,M_Quiescence
Cdc42se2,1,6.91,M_Quiescence
Cdc6,1,14.339,M_Quiescence
Cdc7,1,16.379,M_Quiescence
Cdc73,1,9.461,M_Quiescence
Cdca4,1,6.607,M_Quiescence
Cdca7l,1,12.64,M_Quiescence
Cdh11,1,11.488,M_Quiescence
Cdh13,1,14.44,M_Quiescence
Cdh20,1,22.227,M_Quiescence
Cdh23,1,13.532,M_Quiescence
Cdh4,1,18.989,M_Quiescence
Cdh7,1,17.774,M_Quiescence
Cdhr4,1,8.232,M_Quiescence
Cdhr5,1,17.537,M_Quiescence
Cdipt,1,10.378,M_Quiescence
Cdk12,1,10.863,M_Quiescence
Cdk13,1,16.66,M_Quiescence
Cdk17,1,9.897,M_Quiescence
Cdk20,1,5.237,M_Quiescence
Cdk4,1,9.003,M_Quiescence
Cdk5,1,9.822,M_Quiescence
Cdk5rap2,1,7.337,M_Quiescence
Cdk5rap3,1,5.504,M_Quiescence
Cdk9,1,15.989,M_Quiescence
Cdkl1,1,9.61,M_Quiescence
Cdkn1c,1,3.196,M_Quiescence
Cdkn2aip,1,3.379,M_Quiescence
Cdkn2aipnl,1,7.749,M_Quiescence
Cdkn2b,1,4.565,M_Quiescence
Cdkn2c,1,1.62,M_Quiescence
Cdnf,1,17.348,M_Quiescence
Cdon,1,24.847,M_Quiescence
Cds2,1,17.953,M_Quiescence
Cdt1,1,1.439,M_Quiescence
Cdyl2,1,11.283,M_Quiescence
Ceacam1,1,3.396,M_Quiescence
Ceacam18,1,13.267,M_Quiescence
Cecr2,1,9.646,M_Quiescence
Celf1,1,9.146,M_Quiescence
Celf5,1,12.388,M_Quiescence
Celf6,1,15.619,M_Quiescence
Cemip,1,23.896,M_Quiescence
Cend1,1,5.176,M_Quiescence
Cenpa,1,12.165,M_Quiescence
Cenpc1,1,5.884,M_Quiescence
Cenpn,1,17.935,M_Quiescence
Cenpp,1,8.406,M_Quiescence
Cenpv,1,3.897,M_Quiescence
Cep104,1,1.594,M_Quiescence
Cep164,1,6.639,M_Quiescence
Cep170,1,7.088,M_Quiescence
Cep170b,1,11.933,M_Quiescence
Cep250,1,14.185,M_Quiescence
Cep290,1,7.818,M_Quiescence
Cep41,1,9.966,M_Quiescence
Cep44,1,2.765,M_Quiescence
Cep63,1,8.455,M_Quiescence
Cep72,1,23.034,M_Quiescence
Cep83,1,5.791,M_Quiescence
Cep85,1,6.223,M_Quiescence
Cep85l,1,9.362,M_Quiescence
Cep89,1,19.393,M_Quiescence
Cep95,1,8.366,M_Quiescence
Cers1,1,11.13,M_Quiescence
Cers2,1,10.057,M_Quiescence
Cers4,1,12.834,M_Quiescence
Cers6,1,12.334,M_Quiescence
Ces1g,1,16.601,M_Quiescence
Cetn3,1,10.172,M_Quiescence
Cetn4,1,12.112,M_Quiescence
Cfap126,1,8.633,M_Quiescence
Cfap20,1,12.133,M_Quiescence
Cfap45,1,12.43,M_Quiescence
Cfap52,1,18.492,M_Quiescence
Cfap61,1,25.809,M_Quiescence
Cfap69,1,22.686,M_Quiescence
Cfap77,1,20.458,M_Quiescence
Cfdp1,1,2.191,M_Quiescence
Cfl2,1,2.164,M_Quiescence
Cgref1,1,14.772,M_Quiescence
Chac2,1,4.856,M_Quiescence
Champ1,1,1.019,M_Quiescence
Chchd3,1,12.918,M_Quiescence
Chchd4,1,18.433,M_Quiescence
Chchd6,1,11.906,M_Quiescence
Chchd7,1,10.397,M_Quiescence
Chd1l,1,1.622,M_Quiescence
Chd4,1,17.942,M_Quiescence
Chd5,1,9.82,M_Quiescence
Chd7,1,15.15,M_Quiescence
Chd9,1,16.548,M_Quiescence
Chga,1,13.27,M_Quiescence
Chgb,1,16.346,M_Quiescence
Chic2,1,10.136,M_Quiescence
Chil3,1,7.718,M_Quiescence
Chl1,1,21.923,M_Quiescence
Chmp2a,1,16.064,M_Quiescence
Chmp3,1,6.241,M_Quiescence
Chmp4c,1,19.651,M_Quiescence
Chmp5,1,5.036,M_Quiescence
Chn1,1,12.906,M_Quiescence
Chp2,1,1.917,M_Quiescence
Chpf2,1,3.6,M_Quiescence
Chpt1,1,4.884,M_Quiescence
Chrna1,1,14.718,M_Quiescence
Chrna1os,1,10.752,M_Quiescence
Chrnb1,1,1.467,M_Quiescence
Chst1,1,7.93,M_Quiescence
Chst10,1,17.169,M_Quiescence
Chst11,1,11.917,M_Quiescence
Chst12,1,9.555,M_Quiescence
Chst14,1,1.844,M_Quiescence
Chst2,1,2.651,M_Quiescence
Chst5,1,18.679,M_Quiescence
Churc1,1,21.476,M_Quiescence
Ciao1,1,2.047,M_Quiescence
Cib2,1,1.326,M_Quiescence
Cic,1,28.598,M_Quiescence
Cidec,1,15.563,M_Quiescence
Cir1,1,8.042,M_Quiescence
Cisd3,1,6.279,M_Quiescence
Ciz1,1,17.437,M_Quiescence
Ckap2l,1,13.215,M_Quiescence
Cklf,1,6.733,M_Quiescence
Ckm,1,15.713,M_Quiescence
Ckmt1,1,17.549,M_Quiescence
Cks1b,1,8.849,M_Quiescence
Cks2,1,2.428,M_Quiescence
Clasp1,1,21.452,M_Quiescence
Clasrp,1,10.444,M_Quiescence
Clcn3,1,19.95,M_Quiescence
Clcn4,1,6.729,M_Quiescence
Cldn12,1,7.355,M_Quiescence
Cldn18,1,18.191,M_Quiescence
Cldn19,1,17.111,M_Quiescence
Cldn7,1,11.827,M_Quiescence
Cldnd2,1,8.171,M_Quiescence
Clec10a,1,5.397,M_Quiescence
Clec12b,1,16.577,M_Quiescence
Clec1b,1,23.13,M_Quiescence
Clec2d,1,9.179,M_Quiescence
Clec2i,1,8.84,M_Quiescence
Clec2l,1,4.891,M_Quiescence
Clec4a2,1,5.08,M_Quiescence
Clec4n,1,4.952,M_Quiescence
Clec5a,1,8.404,M_Quiescence
Clec9a,1,14.622,M_Quiescence
Clhc1,1,17.728,M_Quiescence
Clic3,1,5.837,M_Quiescence
Clint1,1,10.788,M_Quiescence
Clip2,1,11.842,M_Quiescence
Clip3,1,5.583,M_Quiescence
Clk2,1,14.571,M_Quiescence
Cln3,1,9.607,M_Quiescence
Cln8,1,5.063,M_Quiescence
Clns1a,1,14.274,M_Quiescence
Clock,1,11.437,M_Quiescence
Clp1,1,10.353,M_Quiescence
Clpb,1,12.305,M_Quiescence
Clpx,1,10.727,M_Quiescence
Clrn1,1,13.676,M_Quiescence
Cltc,1,3.791,M_Quiescence
Cmah,1,14.473,M_Quiescence
Cmc1,1,5.385,M_Quiescence
Cmip,1,15.364,M_Quiescence
Cmpk1,1,3.788,M_Quiescence
Cmtr2,1,2.409,M_Quiescence
Cnbp,1,31.716,M_Quiescence
Cnih3,1,15.096,M_Quiescence
Cnih4,1,1.87,M_Quiescence
Cnksr1,1,18.679,M_Quiescence
Cnksr3,1,4.417,M_Quiescence
Cnn1,1,20.318,M_Quiescence
Cnn3,1,6.763,M_Quiescence
Cnnm3,1,13.666,M_Quiescence
Cnot1,1,13.927,M_Quiescence
Cnot7,1,1.829,M_Quiescence
Cnp,1,10.171,M_Quiescence
Cnppd1,1,5.813,M_Quiescence
Cnpy2,1,12.488,M_Quiescence
Cnpy4,1,10.906,M_Quiescence
Cnr2,1,1.633,M_Quiescence
Cnrip1,1,9.992,M_Quiescence
Cnst,1,13.608,M_Quiescence
Cntn2,1,13.35,M_Quiescence
Cntnap1,1,8.607,M_Quiescence
Cntrl,1,13.698,M_Quiescence
Cntrob,1,9.088,M_Quiescence
Coa3,1,8.704,M_Quiescence
Coa4,1,11.543,M_Quiescence
Coa6,1,5.344,M_Quiescence
Cobl,1,15.797,M_Quiescence
Cog4,1,1.206,M_Quiescence
Cog5,1,1.85,M_Quiescence
Cog7,1,12.926,M_Quiescence
Cog8,1,11.523,M_Quiescence
Col11a1,1,17.965,M_Quiescence
Col1a1,1,11.76,M_Quiescence
Col23a1,1,19.586,M_Quiescence
Col3a1,1,13.206,M_Quiescence
Col5a3,1,11.136,M_Quiescence
Col6a2,1,13.886,M_Quiescence
Col6a5,1,18.96,M_Quiescence
Col7a1,1,13.766,M_Quiescence
Commd2,1,10.254,M_Quiescence
Copa,1,3.294,M_Quiescence
Cope,1,11.086,M_Quiescence
Copg1,1,3.472,M_Quiescence
Copg2,1,4.693,M_Quiescence
Cops8,1,9.264,M_Quiescence
Coq10b,1,4.702,M_Quiescence
Coq2,1,9.252,M_Quiescence
Coq6,1,7.4,M_Quiescence
Cotl1,1,15.13,M_Quiescence
Cox10,1,2.922,M_Quiescence
Cox11,1,6.124,M_Quiescence
Cox4i1,1,15.489,M_Quiescence
Cox4i2,1,14.954,M_Quiescence
Cox6b1,1,13.467,M_Quiescence
Cox7a1,1,0.746,M_Quiescence
Cpd,1,13.713,M_Quiescence
Cpm,1,12.649,M_Quiescence
Cpne2,1,10.478,M_Quiescence
Cpt1c,1,14.912,M_Quiescence
Cpt2,1,8.29,M_Quiescence
Cr1l,1,9.588,M_Quiescence
Cr2,1,17.755,M_Quiescence
Cracr2a,1,3.671,M_Quiescence
Creb1,1,5.071,M_Quiescence
Creb3l2,1,11.109,M_Quiescence
Creb3l4,1,12.976,M_Quiescence
Crebl2,1,3.672,M_Quiescence
Crebzf,1,8.597,M_Quiescence
Creg1,1,11.472,M_Quiescence
Creg2,1,6.52,M_Quiescence
Creld1,1,9.057,M_Quiescence
Crh,1,7.306,M_Quiescence
Crispld2,1,9.858,M_Quiescence
Crlf2,1,9.972,M_Quiescence
Crlf3,1,4.752,M_Quiescence
Cry2,1,10.021,M_Quiescence
Cryab,1,9.35,M_Quiescence
Cryba1,1,18.643,M_Quiescence
Crybb3,1,14.414,M_Quiescence
Cs,1,4.899,M_Quiescence
Csde1,1,13.671,M_Quiescence
Csf3r,1,14.653,M_Quiescence
Csn3,1,13.201,M_Quiescence
Csnk2a2,1,10.785,M_Quiescence
Cspg5,1,12.345,M_Quiescence
Csrnp1,1,2.327,M_Quiescence
Cstf3,1,10.714,M_Quiescence
Ctbp1,1,12.802,M_Quiescence
Ctbs,1,2.139,M_Quiescence
Ctcfl,1,17.789,M_Quiescence
Ctdspl,1,13.419,M_Quiescence
Ctnna3,1,21.532,M_Quiescence
Ctnnbl1,1,4.993,M_Quiescence
Ctns,1,4.0,M_Quiescence
Ctrl,1,7.703,M_Quiescence
Ctsc,1,12.808,M_Quiescence
Ctsh,1,8.884,M_Quiescence
Ctsk,1,11.098,M_Quiescence
Cttn,1,25.477,M_Quiescence
Cuedc1,1,19.181,M_Quiescence
Cul1,1,5.667,M_Quiescence
Cul4a,1,2.364,M_Quiescence
Cwc15,1,19.491,M_Quiescence
Cwc25,1,12.402,M_Quiescence
Cx3cr1,1,2.732,M_Quiescence
Cxcl12,1,17.42,M_Quiescence
Cxcl14,1,2.63,M_Quiescence
Cxcr2,1,6.753,M_Quiescence
Cyb5d1,1,11.094,M_Quiescence
Cyb5r1,1,1.158,M_Quiescence
Cyb5r2,1,12.893,M_Quiescence
Cyb5r4,1,6.538,M_Quiescence
Cyb5rl,1,14.199,M_Quiescence
Cyp26b1,1,14.532,M_Quiescence
Cyp2j6,1,14.001,M_Quiescence
Cyp51,1,9.75,M_Quiescence
Cyth2,1,10.599,M_Quiescence
Cytip,1,4.794,M_Quiescence
D130020L05Rik,1,8.604,M_Quiescence
D2hgdh,1,1.613,M_Quiescence
D430019H16Rik,1,10.237,M_Quiescence
D5Ertd579e,1,12.921,M_Quiescence
D630045J12Rik,1,14.515,M_Quiescence
D8Ertd738e,1,13.413,M_Quiescence
D930020B18Rik,1,14.833,M_Quiescence
Dapk1,1,6.362,M_Quiescence
Dapk3,1,10.044,M_Quiescence
Dapp1,1,5.974,M_Quiescence
Dbn1,1,7.634,M_Quiescence
Dbr1,1,9.034,M_Quiescence
Dcaf15,1,8.173,M_Quiescence
Dcaf5,1,11.192,M_Quiescence
Dcaf6,1,12.112,M_Quiescence
Dcaf7,1,2.509,M_Quiescence
Dclk3,1,20.403,M_Quiescence
Dcun1d1,1,11.992,M_Quiescence
Ddah1,1,14.986,M_Quiescence
Ddc,1,20.004,M_Quiescence
Ddit4,1,9.22,M_Quiescence
Ddo,1,11.561,M_Quiescence
Ddost,1,16.942,M_Quiescence
Ddx31,1,6.447,M_Quiescence
Ddx49,1,7.158,M_Quiescence
Ddx51,1,5.13,M_Quiescence
Ddx56,1,11.257,M_Quiescence
Ddx6,1,21.713,M_Quiescence
Dedd,1,4.417,M_Quiescence
Dedd2,1,3.13,M_Quiescence
Degs2,1,7.96,M_Quiescence
Dennd1b,1,11.47,M_Quiescence
Dennd4b,1,15.624,M_Quiescence
Denr,1,13.072,M_Quiescence
Dera,1,15.054,M_Quiescence
Derl2,1,12.715,M_Quiescence
Derl3,1,3.223,M_Quiescence
Dhcr7,1,6.095,M_Quiescence
Dhrs13,1,9.68,M_Quiescence
Dhrs7b,1,12.44,M_Quiescence
Dhtkd1,1,11.428,M_Quiescence
Dhx34,1,11.154,M_Quiescence
Dhx8,1,10.598,M_Quiescence
Dio2,1,14.844,M_Quiescence
Dip2a,1,5.608,M_Quiescence
Diras1,1,17.097,M_Quiescence
Diras2,1,5.041,M_Quiescence
Dixdc1,1,12.29,M_Quiescence
Dkk3,1,6.305,M_Quiescence
Dlg4,1,8.145,M_Quiescence
Dlst,1,11.069,M_Quiescence
Dlx6,1,13.47,M_Quiescence
Dmpk,1,11.83,M_Quiescence
Dna2,1,7.709,M_Quiescence
Dnah10,1,19.33,M_Quiescence
Dnah2,1,13.581,M_Quiescence
Dnajb14,1,11.253,M_Quiescence
Dnajb4,1,1.305,M_Quiescence
Dnajc2,1,1.869,M_Quiescence
Dnajc7,1,8.76,M_Quiescence
Dnajc8,1,7.546,M_Quiescence
Dnase2a,1,8.939,M_Quiescence
Dnm1,1,11.778,M_Quiescence
Dnpep,1,11.745,M_Quiescence
Dock7,1,9.695,M_Quiescence
Dok3,1,7.742,M_Quiescence
Dpm1,1,12.603,M_Quiescence
Dpp10,1,19.394,M_Quiescence
Dpp6,1,23.8,M_Quiescence
Dpp7,1,7.997,M_Quiescence
Dpp8,1,13.19,M_Quiescence
Dpy19l1,1,15.873,M_Quiescence
Dpy19l3,1,14.292,M_Quiescence
Dpy19l4,1,3.077,M_Quiescence
Dpyd,1,18.602,M_Quiescence
Dram1,1,11.407,M_Quiescence
Dse,1,3.792,M_Quiescence
Dsn1,1,8.395,M_Quiescence
Dstn,1,7.827,M_Quiescence
Dtnbp1,1,10.585,M_Quiescence
Dtx3,1,13.803,M_Quiescence
Dtymk,1,7.477,M_Quiescence
Duox2,1,17.851,M_Quiescence
Duoxa1,1,13.694,M_Quiescence
Duoxa2,1,10.84,M_Quiescence
Dus4l,1,11.58,M_Quiescence
Dusp15,1,22.451,M_Quiescence
Dusp23,1,6.232,M_Quiescence
Dusp26,1,10.763,M_Quiescence
Dusp6,1,3.566,M_Quiescence
Dusp8,1,4.52,M_Quiescence
Dvl1,1,15.379,M_Quiescence
Dync1h1,1,21.625,M_Quiescence
Dyrk2,1,12.376,M_Quiescence
Dyrk4,1,0.581,M_Quiescence
Dzank1,1,17.387,M_Quiescence
E130308A19Rik,1,11.727,M_Quiescence
E2f6,1,5.622,M_Quiescence
E2f8,1,11.013,M_Quiescence
EU599041,1,16.757,M_Quiescence
Ebf3,1,8.135,M_Quiescence
Ecm2,1,18.756,M_Quiescence
Ecsit,1,13.271,M_Quiescence
Edem3,1,5.586,M_Quiescence
Edn3,1,16.001,M_Quiescence
Eef2k,1,10.827,M_Quiescence
Efcab14,1,9.9,M_Quiescence
Efcab5,1,23.446,M_Quiescence
Efhc1,1,12.869,M_Quiescence
Efhd1,1,14.938,M_Quiescence
Efna2,1,13.627,M_Quiescence
Ehd2,1,13.938,M_Quiescence
Ehmt1,1,14.291,M_Quiescence
Ei24,1,13.82,M_Quiescence
Eif2a,1,3.828,M_Quiescence
Eif2ak4,1,8.417,M_Quiescence
Eif2b3,1,17.352,M_Quiescence
Eif3f,1,3.104,M_Quiescence
Eif3m,1,6.596,M_Quiescence
Eif3s6-ps1,1,7.036,M_Quiescence
Eif4a1,1,8.493,M_Quiescence
Eif4a3,1,14.916,M_Quiescence
Eif4e3,1,1.959,M_Quiescence
Eif4g3,1,28.098,M_Quiescence
Elk3,1,11.745,M_Quiescence
Elk4,1,10.828,M_Quiescence
Elmo2,1,4.476,M_Quiescence
Elmod1,1,12.295,M_Quiescence
Emc10,1,8.404,M_Quiescence
Emc6,1,9.405,M_Quiescence
Emg1,1,3.699,M_Quiescence
Emsy,1,5.994,M_Quiescence
Enkd1,1,7.119,M_Quiescence
Eno1,1,13.522,M_Quiescence
Eomes,1,13.699,M_Quiescence
Epb41l5,1,15.323,M_Quiescence
Epb42,1,15.307,M_Quiescence
Epgn,1,9.139,M_Quiescence
Epha10,1,20.919,M_Quiescence
Epha4,1,24.886,M_Quiescence
Epn3,1,13.957,M_Quiescence
Eps15,1,6.626,M_Quiescence
Eps8,1,14.063,M_Quiescence
Eqtn,1,12.848,M_Quiescence
Erap1,1,6.531,M_Quiescence
Ercc5,1,3.525,M_Quiescence
Ercc6l2,1,5.181,M_Quiescence
Ergic3,1,12.985,M_Quiescence
Ern1,1,5.664,M_Quiescence
Erp27,1,18.412,M_Quiescence
Errfi1,1,4.481,M_Quiescence
Espn,1,13.953,M_Quiescence
Esrrg,1,19.039,M_Quiescence
Etl4,1,18.729,M_Quiescence
Etnk1,1,11.802,M_Quiescence
Eva1a,1,3.968,M_Quiescence
Eva1b,1,2.215,M_Quiescence
Evc,1,15.639,M_Quiescence
Evi2a,1,8.724,M_Quiescence
Evl,1,12.954,M_Quiescence
Exd2,1,3.031,M_Quiescence
Exoc3,1,2.61,M_Quiescence
Exoc3l2,1,7.267,M_Quiescence
Exoc7,1,5.801,M_Quiescence
Exog,1,8.174,M_Quiescence
Exosc3,1,6.97,M_Quiescence
Exosc5,1,8.242,M_Quiescence
Exosc9,1,8.702,M_Quiescence
Eya1,1,16.117,M_Quiescence
Ezh1,1,4.006,M_Quiescence
F13a1,1,6.837,M_Quiescence
Faap20,1,3.749,M_Quiescence
Faap24,1,13.644,M_Quiescence
Faim,1,17.495,M_Quiescence
Fam110a,1,7.51,M_Quiescence
Fam120a,1,7.831,M_Quiescence
Fam171a1,1,0.736,M_Quiescence
Fam171a2,1,11.506,M_Quiescence
Fam184a,1,18.995,M_Quiescence
Fam185a,1,7.667,M_Quiescence
Fam193a,1,19.972,M_Quiescence
Fam217b,1,4.573,M_Quiescence
Fam219b,1,11.544,M_Quiescence
Fam220a,1,4.891,M_Quiescence
Fam222a,1,4.024,M_Quiescence
Fam76b,1,11.58,M_Quiescence
Fam78b,1,13.337,M_Quiescence
Fam83e,1,18.838,M_Quiescence
Fanca,1,14.86,M_Quiescence
Farp2,1,17.291,M_Quiescence
Fars2,1,9.876,M_Quiescence
Fastk,1,8.24,M_Quiescence
Fat3,1,8.796,M_Quiescence
Fbln5,1,16.629,M_Quiescence
Fbrsl1,1,15.02,M_Quiescence
Fbxl18,1,18.114,M_Quiescence
Fbxo28,1,4.098,M_Quiescence
Fbxo42,1,7.405,M_Quiescence
Fbxo44,1,13.841,M_Quiescence
Fbxo48,1,6.508,M_Quiescence
Fbxw5,1,4.405,M_Quiescence
Fcna,1,10.884,M_Quiescence
Fcor,1,20.346,M_Quiescence
Fcrl1,1,6.128,M_Quiescence
Fdps,1,17.404,M_Quiescence
Fdx1,1,7.096,M_Quiescence
Fdxacb1,1,14.411,M_Quiescence
Fes,1,11.046,M_Quiescence
Ffar2,1,16.353,M_Quiescence
Fgd6,1,13.72,M_Quiescence
Fgf11,1,10.776,M_Quiescence
Fgf7,1,15.431,M_Quiescence
Fgfrl1,1,6.952,M_Quiescence
Fhad1,1,12.806,M_Quiescence
Filip1,1,25.597,M_Quiescence
Fitm2,1,15.072,M_Quiescence
Fkbp10,1,5.058,M_Quiescence
Fkbp14,1,3.146,M_Quiescence
Fkbp7,1,3.68,M_Quiescence
Fkbp9,1,5.85,M_Quiescence
Fktn,1,3.518,M_Quiescence
Flot2,1,3.1,M_Quiescence
Flt3l,1,11.0,M_Quiescence
Fmn1,1,10.61,M_Quiescence
Fn1,1,11.022,M_Quiescence
Fnbp1l,1,5.486,M_Quiescence
Fndc7,1,14.453,M_Quiescence
Focad,1,18.829,M_Quiescence
Fos,1,2.428,M_Quiescence
Fosb,1,4.427,M_Quiescence
Foxf2,1,11.86,M_Quiescence
Foxj1,1,9.312,M_Quiescence
Foxj3,1,8.272,M_Quiescence
Foxo1,1,9.442,M_Quiescence
Foxo3,1,10.305,M_Quiescence
Frmd3,1,14.639,M_Quiescence
Frmd5,1,20.671,M_Quiescence
Frmd6,1,15.339,M_Quiescence
Frrs1,1,0.86,M_Quiescence
Frs2,1,3.49,M_Quiescence
Fry,1,11.572,M_Quiescence
Fstl4,1,18.001,M_Quiescence
Ftsj3,1,7.593,M_Quiescence
Fuom,1,0.619,M_Quiescence
Fus,1,9.518,M_Quiescence
Fut1,1,15.461,M_Quiescence
Fut7,1,1.494,M_Quiescence
Fxr2,1,13.847,M_Quiescence
Fyn,1,10.448,M_Quiescence
Fzd7,1,8.062,M_Quiescence
G2e3,1,16.714,M_Quiescence
G3bp1,1,10.735,M_Quiescence
Gaa,1,2.434,M_Quiescence
Gabra1,1,17.406,M_Quiescence
Gabrg2,1,21.792,M_Quiescence
Gad1,1,15.498,M_Quiescence
Gal3st1,1,16.173,M_Quiescence
Gal3st4,1,3.316,M_Quiescence
Galk1,1,9.07,M_Quiescence
Galnt18,1,21.409,M_Quiescence
Galnt3,1,3.28,M_Quiescence
Gamt,1,9.601,M_Quiescence
Gas2l1,1,7.477,M_Quiescence
Gas7,1,15.577,M_Quiescence
Gata3,1,11.593,M_Quiescence
Gatad1,1,2.498,M_Quiescence
Gatad2a,1,3.828,M_Quiescence
Gatb,1,12.446,M_Quiescence
Gbp3,1,6.312,M_Quiescence
Gbp7,1,7.64,M_Quiescence
Gcdh,1,1.502,M_Quiescence
Gchfr,1,17.368,M_Quiescence
Gckr,1,21.805,M_Quiescence
Gclc,1,11.407,M_Quiescence
Gcm2,1,16.924,M_Quiescence
Gcsh,1,15.635,M_Quiescence
Gdf3,1,20.087,M_Quiescence
Gemin5,1,5.216,M_Quiescence
Get4,1,3.838,M_Quiescence
Gfpt1,1,14.792,M_Quiescence
Gfpt2,1,16.325,M_Quiescence
Ggh,1,9.089,M_Quiescence
Gh,1,13.915,M_Quiescence
Ghdc,1,1.285,M_Quiescence
Ghrhr,1,14.932,M_Quiescence
Gid8,1,12.588,M_Quiescence
Gimap1,1,10.901,M_Quiescence
Gimap8,1,8.15,M_Quiescence
Ginm1,1,18.76,M_Quiescence
Gins1,1,6.968,M_Quiescence
Gins4,1,7.594,M_Quiescence
Gja5,1,13.338,M_Quiescence
Gjc3,1,10.686,M_Quiescence
Gje1,1,13.872,M_Quiescence
Glrx2,1,15.422,M_Quiescence
Gls,1,14.81,M_Quiescence
Gls2,1,19.019,M_Quiescence
Gm10163,1,9.516,M_Quiescence
Gm10167,1,1.994,M_Quiescence
Gm10642,1,2.205,M_Quiescence
Gm11263,1,16.663,M_Quiescence
Gm11281,1,13.603,M_Quiescence
Gm11407,1,11.076,M_Quiescence
Gm11420,1,2.145,M_Quiescence
Gm11450,1,8.707,M_Quiescence
Gm11476,1,21.805,M_Quiescence
Gm11478,1,5.659,M_Quiescence
Gm11511,1,12.608,M_Quiescence
Gm11516,1,16.563,M_Quiescence
Gm11557,1,15.434,M_Quiescence
Gm11560,1,7.176,M_Quiescence
Gm11572,1,1.218,M_Quiescence
Gm11585,1,7.695,M_Quiescence
Gm11630,1,13.343,M_Quiescence
Gm11672,1,13.85,M_Quiescence
Gm11688,1,5.108,M_Quiescence
Gm11701,1,14.357,M_Quiescence
Gm11739,1,10.599,M_Quiescence
Gm11762,1,9.843,M_Quiescence
Gm11764,1,2.073,M_Quiescence
Gm11765,1,15.406,M_Quiescence
Gm11836,1,12.229,M_Quiescence
Gm11841,1,1.905,M_Quiescence
Gm11906,1,14.149,M_Quiescence
Gm11944,1,15.328,M_Quiescence
Gm11960,1,10.408,M_Quiescence
Gm12020,1,10.793,M_Quiescence
Gm12026,1,14.123,M_Quiescence
Gm12176,1,15.003,M_Quiescence
Gm12226,1,15.751,M_Quiescence
Gm12276,1,2.125,M_Quiescence
Gm12356,1,10.149,M_Quiescence
Gm12466,1,6.844,M_Quiescence
Gm12618,1,14.655,M_Quiescence
Gm12704,1,13.541,M_Quiescence
Gm12732,1,14.257,M_Quiescence
Gm12734,1,12.768,M_Quiescence
Gm12737,1,10.89,M_Quiescence
Gm12760,1,9.548,M_Quiescence
Gm12804,1,12.466,M_Quiescence
Gm12807,1,1.2,M_Quiescence
Gm12848,1,4.589,M_Quiescence
Gm12852,1,8.599,M_Quiescence
Gm12922,1,5.607,M_Quiescence
Gm12971,1,14.338,M_Quiescence
Gm13093,1,15.967,M_Quiescence
Gm13194,1,9.48,M_Quiescence
Gm13196,1,6.075,M_Quiescence
Gm13199,1,9.143,M_Quiescence
Gm13239,1,11.213,M_Quiescence
Gm13263,1,10.932,M_Quiescence
Gm13313,1,2.18,M_Quiescence
Gm13333,1,10.82,M_Quiescence
Gm13369,1,15.047,M_Quiescence
Gm13379,1,8.789,M_Quiescence
Gm13381,1,10.594,M_Quiescence
Gm13391,1,13.298,M_Quiescence
Gm13415,1,16.356,M_Quiescence
Gm13548,1,8.632,M_Quiescence
Gm13556,1,12.157,M_Quiescence
Gm13568,1,2.387,M_Quiescence
Gm13570,1,2.289,M_Quiescence
Gm13586,1,16.484,M_Quiescence
Gm13612,1,16.14,M_Quiescence
Gm13666,1,7.508,M_Quiescence
Gm13708,1,9.468,M_Quiescence
Gm13880,1,13.541,M_Quiescence
Gm13921,1,9.65,M_Quiescence
Gm14026,1,9.633,M_Quiescence
Gm14038,1,10.143,M_Quiescence
Gm14044,1,8.891,M_Quiescence
Gm14052,1,6.157,M_Quiescence
Gm14305,1,11.029,M_Quiescence
Gm14389,1,1.923,M_Quiescence
Gm14399,1,13.592,M_Quiescence
Gm14421,1,12.961,M_Quiescence
Gm15302,1,17.093,M_Quiescence
Gm15349,1,8.359,M_Quiescence
Gm15366,1,14.914,M_Quiescence
Gm15408,1,10.315,M_Quiescence
Gm15433,1,20.648,M_Quiescence
Gm15467,1,9.541,M_Quiescence
Gm15503,1,10.042,M_Quiescence
Gm15511,1,7.38,M_Quiescence
Gm15513,1,15.048,M_Quiescence
Gm15531,1,7.859,M_Quiescence
Gm15541,1,22.976,M_Quiescence
Gm15542,1,16.36,M_Quiescence
Gm15561,1,7.846,M_Quiescence
Gm15563,1,0.752,M_Quiescence
Gm15645,1,11.952,M_Quiescence
Gm15751,1,5.745,M_Quiescence
Gm15770,1,8.331,M_Quiescence
Gm15777,1,9.259,M_Quiescence
Gm15860,1,14.831,M_Quiescence
Gm16001,1,8.213,M_Quiescence
Gm16053,1,2.95,M_Quiescence
Gm16117,1,5.671,M_Quiescence
Gm16135,1,13.084,M_Quiescence
Gm16208,1,17.545,M_Quiescence
Gm16253,1,0.712,M_Quiescence
Gm16305,1,10.173,M_Quiescence
Gm16565,1,21.904,M_Quiescence
Gm16853,1,18.396,M_Quiescence
Gm17029,1,21.655,M_Quiescence
Gm17089,1,13.13,M_Quiescence
Gm17092,1,11.95,M_Quiescence
Gm17191,1,13.821,M_Quiescence
Gm17455,1,10.302,M_Quiescence
Gm17586,1,10.417,M_Quiescence
Gm17837,1,9.497,M_Quiescence
Gm18300,1,12.104,M_Quiescence
Gm18407,1,0.692,M_Quiescence
Gm18867,1,11.506,M_Quiescence
Gm19085,1,15.707,M_Quiescence
Gm19325,1,11.334,M_Quiescence
Gm20177,1,4.717,M_Quiescence
Gm20548,1,3.375,M_Quiescence
Gm20628,1,15.163,M_Quiescence
Gm20796,1,23.823,M_Quiescence
Gm21988,1,3.119,M_Quiescence
Gm22170,1,6.646,M_Quiescence
Gm22663,1,8.214,M_Quiescence
Gm23412,1,4.235,M_Quiescence
Gm23598,1,8.422,M_Quiescence
Gm23645,1,11.63,M_Quiescence
Gm23648,1,11.944,M_Quiescence
Gm24045,1,2.544,M_Quiescence
Gm24412,1,2.493,M_Quiescence
Gm25134,1,8.505,M_Quiescence
Gm25235,1,5.117,M_Quiescence
Gm25414,1,9.31,M_Quiescence
Gm25456,1,9.095,M_Quiescence
Gm25574,1,13.179,M_Quiescence
Gm25636,1,1.101,M_Quiescence
Gm25681,1,14.714,M_Quiescence
Gm25939,1,2.293,M_Quiescence
Gm26129,1,6.482,M_Quiescence
Gm26189,1,6.709,M_Quiescence
Gm26357,1,8.522,M_Quiescence
Gm26397,1,3.871,M_Quiescence
Gm26497,1,6.702,M_Quiescence
Gm26556,1,7.219,M_Quiescence
Gm26594,1,15.499,M_Quiescence
Gm26638,1,18.516,M_Quiescence
Gm26698,1,2.76,M_Quiescence
Gm26728,1,11.659,M_Quiescence
Gm26814,1,15.083,M_Quiescence
Gm26994,1,12.007,M_Quiescence
Gm27167,1,9.718,M_Quiescence
Gm28075,1,10.854,M_Quiescence
Gm28112,1,13.814,M_Quiescence
Gm28277,1,15.63,M_Quiescence
Gm28424,1,7.556,M_Quiescence
Gm28499,1,11.25,M_Quiescence
Gm28995,1,5.617,M_Quiescence
Gm29011,1,20.864,M_Quiescence
Gm29340,1,14.802,M_Quiescence
Gm29367,1,8.575,M_Quiescence
Gm29395,1,10.334,M_Quiescence
Gm29492,1,10.213,M_Quiescence
Gm29736,1,10.554,M_Quiescence
Gm29793,1,14.548,M_Quiescence
Gm31747,1,12.023,M_Quiescence
Gm3294,1,21.282,M_Quiescence
Gm3307,1,6.916,M_Quiescence
Gm3364,1,17.559,M_Quiescence
Gm34248,1,11.207,M_Quiescence
Gm34379,1,6.419,M_Quiescence
Gm36189,1,11.301,M_Quiescence
Gm36211,1,12.135,M_Quiescence
Gm36933,1,16.528,M_Quiescence
Gm37049,1,8.361,M_Quiescence
Gm37050,1,0.81,M_Quiescence
Gm37069,1,16.458,M_Quiescence
Gm37074,1,8.854,M_Quiescence
Gm37139,1,12.223,M_Quiescence
Gm37140,1,14.091,M_Quiescence
Gm37159,1,16.707,M_Quiescence
Gm37163,1,14.783,M_Quiescence
Gm37265,1,15.821,M_Quiescence
Gm37306,1,15.766,M_Quiescence
Gm37314,1,19.626,M_Quiescence
Gm37357,1,12.165,M_Quiescence
Gm37370,1,14.013,M_Quiescence
Gm37382,1,12.687,M_Quiescence
Gm37383,1,13.317,M_Quiescence
Gm37397,1,8.712,M_Quiescence
Gm37415,1,9.288,M_Quiescence
Gm37463,1,16.036,M_Quiescence
Gm37470,1,20.776,M_Quiescence
Gm37562,1,11.153,M_Quiescence
Gm37583,1,17.362,M_Quiescence
Gm37642,1,21.631,M_Quiescence
Gm37673,1,16.368,M_Quiescence
Gm37675,1,14.978,M_Quiescence
Gm37685,1,6.8,M_Quiescence
Gm37696,1,14.488,M_Quiescence
Gm37729,1,16.761,M_Quiescence
Gm37733,1,18.596,M_Quiescence
Gm37736,1,13.02,M_Quiescence
Gm37756,1,20.618,M_Quiescence
Gm37767,1,13.998,M_Quiescence
Gm37785,1,14.811,M_Quiescence
Gm37809,1,9.962,M_Quiescence
Gm37861,1,15.014,M_Quiescence
Gm37873,1,15.729,M_Quiescence
Gm37914,1,13.045,M_Quiescence
Gm37940,1,13.733,M_Quiescence
Gm37943,1,19.35,M_Quiescence
Gm38019,1,4.371,M_Quiescence
Gm38056,1,18.036,M_Quiescence
Gm38115,1,16.314,M_Quiescence
Gm38128,1,12.687,M_Quiescence
Gm38192,1,5.198,M_Quiescence
Gm38236,1,15.163,M_Quiescence
Gm38247,1,16.915,M_Quiescence
Gm38252,1,19.152,M_Quiescence
Gm38269,1,8.774,M_Quiescence
Gm38320,1,11.786,M_Quiescence
Gm38344,1,12.459,M_Quiescence
Gm38375,1,9.624,M_Quiescence
Gm38377,1,17.655,M_Quiescence
Gm42435,1,2.498,M_Quiescence
Gm42460,1,3.447,M_Quiescence
Gm42502,1,9.307,M_Quiescence
Gm42514,1,16.39,M_Quiescence
Gm42548,1,17.922,M_Quiescence
Gm42549,1,9.241,M_Quiescence
Gm42602,1,19.536,M_Quiescence
Gm42692,1,17.782,M_Quiescence
Gm42699,1,10.769,M_Quiescence
Gm42701,1,9.013,M_Quiescence
Gm42783,1,13.038,M_Quiescence
Gm42814,1,9.475,M_Quiescence
Gm42899,1,15.563,M_Quiescence
Gm42937,1,1.228,M_Quiescence
Gm42940,1,2.726,M_Quiescence
Gm42944,1,1.036,M_Quiescence
Gm43029,1,4.093,M_Quiescence
Gm43088,1,14.043,M_Quiescence
Gm43112,1,15.67,M_Quiescence
Gm43149,1,14.676,M_Quiescence
Gm43180,1,17.258,M_Quiescence
Gm43203,1,5.033,M_Quiescence
Gm43214,1,6.503,M_Quiescence
Gm43259,1,9.165,M_Quiescence
Gm43289,1,19.656,M_Quiescence
Gm43313,1,14.04,M_Quiescence
Gm43362,1,13.368,M_Quiescence
Gm43417,1,15.693,M_Quiescence
Gm43423,1,14.429,M_Quiescence
Gm43435,1,15.985,M_Quiescence
Gm43460,1,14.365,M_Quiescence
Gm43481,1,10.852,M_Quiescence
Gm4349,1,10.554,M_Quiescence
Gm43499,1,15.768,M_Quiescence
Gm43500,1,3.285,M_Quiescence
Gm43533,1,17.211,M_Quiescence
Gm43544,1,10.217,M_Quiescence
Gm43611,1,22.367,M_Quiescence
Gm43622,1,10.729,M_Quiescence
Gm43654,1,5.56,M_Quiescence
Gm43668,1,17.15,M_Quiescence
Gm43693,1,15.649,M_Quiescence
Gm43721,1,10.775,M_Quiescence
Gm43752,1,17.644,M_Quiescence
Gm43808,1,14.253,M_Quiescence
Gm43813,1,17.029,M_Quiescence
Gm43823,1,6.859,M_Quiescence
Gm43843,1,16.189,M_Quiescence
Gm43903,1,7.788,M_Quiescence
Gm43961,1,13.052,M_Quiescence
Gm43963,1,8.568,M_Quiescence
Gm44045,1,16.6,M_Quiescence
Gm44083,1,0.918,M_Quiescence
Gm44132,1,2.343,M_Quiescence
Gm44183,2,0.0,M_Gm44183
Gm44237,1,17.635,M_Quiescence
Gm44280,1,8.391,M_Quiescence
Gm44369,1,16.981,M_Quiescence
Gm44420,1,1.482,M_Quiescence
Gm4879,1,7.91,M_Quiescence
Gm4924,1,16.1,M_Quiescence
Gm5177,1,17.23,M_Quiescence
Gm5270,1,16.697,M_Quiescence
Gm5312,1,17.076,M_Quiescence
Gm5422,1,14.155,M_Quiescence
Gm5523,1,14.286,M_Quiescence
Gm5532,1,15.517,M_Quiescence
Gm5547,1,2.038,M_Quiescence
Gm5614,1,11.084,M_Quiescence
Gm5652,1,20.589,M_Quiescence
Gm5851,1,5.254,M_Quiescence
Gm5979,1,12.775,M_Quiescence
Gm6054,1,14.308,M_Quiescence
Gm6166,1,7.839,M_Quiescence
Gm6210,1,13.377,M_Quiescence
Gm6297,1,10.396,M_Quiescence
Gm6311,1,7.621,M_Quiescence
Gm6342,1,13.566,M_Quiescence
Gm6397,1,9.467,M_Quiescence
Gm6439,1,11.887,M_Quiescence
Gm6615,1,9.016,M_Quiescence
Gm6658,1,1.243,M_Quiescence
Gm7099,1,6.646,M_Quiescence
Gm7211,1,2.977,M_Quiescence
Gm7224,1,15.237,M_Quiescence
Gm7266,1,10.59,M_Quiescence
Gm7363,1,17.69,M_Quiescence
Gm7457,1,16.41,M_Quiescence
Gm7551,1,11.194,M_Quiescence
Gm7658,1,13.763,M_Quiescence
Gm7799,1,3.119,M_Quiescence
Gm7816,1,12.08,M_Quiescence
Gm7838,1,9.779,M_Quiescence
Gm7858,1,7.565,M_Quiescence
Gm7964,1,4.732,M_Quiescence
Gm8004,1,8.058,M_Quiescence
Gm8100,1,12.851,M_Quiescence
Gm8173,1,14.403,M_Quiescence
Gm8258,1,15.256,M_Quiescence
Gm8399,1,7.268,M_Quiescence
Gm8449,1,13.511,M_Quiescence
Gm8515,1,17.626,M_Quiescence
Gm8623,1,6.135,M_Quiescence
Gm8624,1,11.155,M_Quiescence
Gm8625,1,10.971,M_Quiescence
Gm867,1,11.139,M_Quiescence
Gm8813,1,3.764,M_Quiescence
Gm9211,1,13.825,M_Quiescence
Gm9246,1,13.753,M_Quiescence
Gm9530,1,8.367,M_Quiescence
Gm9531,1,2.431,M_Quiescence
Gm9727,1,9.333,M_Quiescence
Gm9888,1,6.837,M_Quiescence
Gm9915,1,8.896,M_Quiescence
Gmeb2,1,8.337,M_Quiescence
Gmfg,1,10.419,M_Quiescence
Gmip,1,13.321,M_Quiescence
Gmppa,1,9.861,M_Quiescence
Gna11,1,4.38,M_Quiescence
Gna15,1,8.655,M_Quiescence
Gnai3,1,6.396,M_Quiescence
Gnb3,1,11.819,M_Quiescence
Gng10,1,5.001,M_Quiescence
Gngt1,1,22.287,M_Quiescence
Gns,1,11.436,M_Quiescence
Golga1,1,7.155,M_Quiescence
Gon4l,1,10.113,M_Quiescence
Gorasp1,1,6.234,M_Quiescence
Gosr1,1,4.247,M_Quiescence
Gpat4,1,5.805,M_Quiescence
Gpatch8,1,3.532,M_Quiescence
Gpm6a,1,5.703,M_Quiescence
Gpn1,1,16.671,M_Quiescence
Gpn3,1,1.366,M_Quiescence
Gpr146,1,2.213,M_Quiescence
Gpr153,1,11.141,M_Quiescence
Gpr155,1,4.479,M_Quiescence
Gpr158,1,15.72,M_Quiescence
Gpr162,1,10.861,M_Quiescence
Gpr182,1,10.433,M_Quiescence
Gpr19,1,13.47,M_Quiescence
Gpr26,1,17.981,M_Quiescence
Gpr68,1,2.145,M_Quiescence
Gpr89,1,4.116,M_Quiescence
Gpsm2,1,13.772,M_Quiescence
Gpx7,1,16.244,M_Quiescence
Grb7,1,9.526,M_Quiescence
Greb1,1,20.521,M_Quiescence
Gria2,1,14.57,M_Quiescence
Grik2,1,12.696,M_Quiescence
Grik4,1,15.451,M_Quiescence
Grin2b,1,17.262,M_Quiescence
Grin2c,1,4.095,M_Quiescence
Grip1,1,14.08,M_Quiescence
Grm7,1,23.764,M_Quiescence
Grpel1,1,6.762,M_Quiescence
Gsap,1,4.833,M_Quiescence
Gsg1,1,4.204,M_Quiescence
Gss,1,18.442,M_Quiescence
Gstk1,1,9.662,M_Quiescence
Gstm2-ps1,1,6.435,M_Quiescence
Gstm7,1,6.366,M_Quiescence
Gstt2,1,2.338,M_Quiescence
Gstt3,1,12.221,M_Quiescence
Gtf2ird1,1,9.644,M_Quiescence
Gtf2ird2,1,8.335,M_Quiescence
Gtf3c3,1,11.085,M_Quiescence
Gtf3c6,1,8.462,M_Quiescence
Gtpbp6,1,9.261,M_Quiescence
Gucy2e,1,22.306,M_Quiescence
Guf1,1,4.596,M_Quiescence
Gvin1,1,5.113,M_Quiescence
Gys2,1,20.221,M_Quiescence
H13,1,12.483,M_Quiescence
H3f3b,1,6.047,M_Quiescence
H3f3c,1,6.659,M_Quiescence
H60b,1,20.003,M_Quiescence
H6pd,1,9.331,M_Quiescence
Hamp,1,10.483,M_Quiescence
Harbi1,1,18.058,M_Quiescence
Has3,1,10.343,M_Quiescence
Haus3,1,5.058,M_Quiescence
Hax1,1,9.613,M_Quiescence
Hbb-bt,1,4.132,M_Quiescence
Hcst,1,3.572,M_Quiescence
Hdac4,1,10.64,M_Quiescence
Hdc,1,9.586,M_Quiescence
Hdgfl1,1,17.038,M_Quiescence
Hebp1,1,6.811,M_Quiescence
Heca,1,12.814,M_Quiescence
Henmt1,1,16.575,M_Quiescence
Herc3,1,6.32,M_Quiescence
Hes6,1,4.789,M_Quiescence
Hes7,1,0.443,M_Quiescence
Hibch,1,8.026,M_Quiescence
Hid1,1,13.453,M_Quiescence
Hif1a,1,8.414,M_Quiescence
Higd1b,1,20.902,M_Quiescence
Higd2a,1,12.657,M_Quiescence
Hint2,1,12.634,M_Quiescence
Hip1,1,10.53,M_Quiescence
Hip1r,1,8.307,M_Quiescence
Hirip3,1,4.961,M_Quiescence
Hivep1,1,10.621,M_Quiescence
Hlf,1,4.315,M_Quiescence
Hmces,1,10.924,M_Quiescence
Hmgb1,1,7.052,M_Quiescence
Hmgxb4,1,8.608,M_Quiescence
Hnf4a,1,18.967,M_Quiescence
Hnrnpa3,1,10.038,M_Quiescence
Hnrnpf,1,7.463,M_Quiescence
Hnrnph3,1,4.85,M_Quiescence
Hnrnpk,1,11.62,M_Quiescence
Hook1,1,12.522,M_Quiescence
Hook3,1,6.151,M_Quiescence
Hopx,1,1.805,M_Quiescence
Hp,1,7.124,M_Quiescence
Hpcal4,1,11.139,M_Quiescence
Hpgds,1,8.378,M_Quiescence
Hpx,1,10.03,M_Quiescence
Hrh3,1,16.378,M_Quiescence
Hsd11b1,1,15.383,M_Quiescence
Hsd17b12,1,13.23,M_Quiescence
Hsd17b7,1,12.38,M_Quiescence
Hsd3b3,1,19.95,M_Quiescence
Hsf2,1,2.474,M_Quiescence
Hsf5,1,24.12,M_Quiescence
Hsh2d,1,14.194,M_Quiescence
Hspa4l,1,21.554,M_Quiescence
Hspa8,1,4.985,M_Quiescence
Hspb6,1,4.734,M_Quiescence
Hspb7,1,16.449,M_Quiescence
Hspb8,1,2.237,M_Quiescence
Hspg2,1,16.455,M_Quiescence
Hsph1,1,3.596,M_Quiescence
Htra1,1,10.586,M_Quiescence
Htra2,1,8.518,M_Quiescence
Htra4,1,12.438,M_Quiescence
Hykk,1,15.325,M_Quiescence
I830077J02Rik,1,6.08,M_Quiescence
Ibtk,1,10.641,M_Quiescence
Icam1,1,1.45,M_Quiescence
Icam2,1,10.399,M_Quiescence
Ice2,1,10.539,M_Quiescence
Icmt,1,1.025,M_Quiescence
Id3,1,7.021,M_Quiescence
Idh1,1,10.766,M_Quiescence
Idh2,1,8.035,M_Quiescence
Idh3b,1,4.905,M_Quiescence
Ifi205,1,20.331,M_Quiescence
Ifi30,1,10.429,M_Quiescence
Ifitm10,1,5.75,M_Quiescence
Ifitm2,1,2.306,M_Quiescence
Ifnb1,1,2.97,M_Quiescence
Ift122,1,16.705,M_Quiescence
Ift20,1,4.874,M_Quiescence
Ift74,1,7.042,M_Quiescence
Ift81,1,15.296,M_Quiescence
Igdcc4,1,16.838,M_Quiescence
Igfbp2,1,11.505,M_Quiescence
Igfbp3,1,18.21,M_Quiescence
Igfbp5,1,5.692,M_Quiescence
Igfbp7,1,5.532,M_Quiescence
Igsf6,1,5.003,M_Quiescence
Igsf9,1,4.412,M_Quiescence
Ihh,1,11.156,M_Quiescence
Ikzf1,1,6.543,M_Quiescence
Il10ra,1,12.2,M_Quiescence
Il11,1,11.404,M_Quiescence
Il11ra1,1,3.837,M_Quiescence
Il16,1,8.53,M_Quiescence
Il18bp,1,7.613,M_Quiescence
Il1bos,1,0.684,M_Quiescence
Il1r2,1,8.216,M_Quiescence
Il20rb,1,17.091,M_Quiescence
Il4ra,1,8.097,M_Quiescence
Ildr2,1,8.04,M_Quiescence
Ilf3,1,9.275,M_Quiescence
Inafm1,1,8.444,M_Quiescence
Inf2,1,5.33,M_Quiescence
Ino80b,1,5.801,M_Quiescence
Inpp4b,1,1.26,M_Quiescence
Inpp5b,1,0.918,M_Quiescence
Insig1,1,6.075,M_Quiescence
Insr,1,9.737,M_Quiescence
Ints1,1,18.587,M_Quiescence
Ints7,1,15.135,M_Quiescence
Ip6k1,1,2.939,M_Quiescence
Ipo7,1,5.365,M_Quiescence
Ipp,1,9.743,M_Quiescence
Ippk,1,11.43,M_Quiescence
Iqcf1,1,5.105,M_Quiescence
Iqsec1,1,12.52,M_Quiescence
Irf1,1,2.928,M_Quiescence
Irgq,1,7.192,M_Quiescence
Irs1,1,13.068,M_Quiescence
Irs3,1,12.239,M_Quiescence
Irx3,1,3.034,M_Quiescence
Isca2,1,7.343,M_Quiescence
Isg20,1,0.78,M_Quiescence
Isoc2a,1,12.575,M_Quiescence
Ist1,1,3.061,M_Quiescence
Itch,1,10.163,M_Quiescence
Itga11,1,20.362,M_Quiescence
Itga2b,1,13.395,M_Quiescence
Itga9,1,26.825,M_Quiescence
Itgad,1,13.978,M_Quiescence
Itgb1,1,6.409,M_Quiescence
Itgb4,1,15.367,M_Quiescence
Itgb8,1,19.352,M_Quiescence
Itih2,1,22.229,M_Quiescence
Itpa,1,1.264,M_Quiescence
Itpkb,1,20.632,M_Quiescence
Itpkc,1,5.798,M_Quiescence
Itpr1,1,12.999,M_Quiescence
Itpripl2,1,19.711,M_Quiescence
Ivd,1,5.773,M_Quiescence
Jag1,1,13.969,M_Quiescence
Jag2,1,13.723,M_Quiescence
Jam3,1,1.251,M_Quiescence
Jchain,1,7.327,M_Quiescence
Jmjd7,1,6.662,M_Quiescence
Josd2,1,8.799,M_Quiescence
Jund,1,13.104,M_Quiescence
Kank2,1,8.264,M_Quiescence
Katnb1,1,1.673,M_Quiescence
Katnbl1,1,11.15,M_Quiescence
Kbtbd11,1,8.423,M_Quiescence
Kbtbd2,1,2.165,M_Quiescence
Kbtbd4,1,4.659,M_Quiescence
Kcmf1,1,6.741,M_Quiescence
Kcna4,1,16.608,M_Quiescence
Kcna6,1,11.072,M_Quiescence
Kcnab2,1,4.33,M_Quiescence
Kcnb2,1,13.442,M_Quiescence
Kcnc1,1,18.507,M_Quiescence
Kcnc2,1,14.901,M_Quiescence
Kcnd3,1,22.432,M_Quiescence
Kcng1,1,11.29,M_Quiescence
Kcnip4,1,13.142,M_Quiescence
Kcnj16,1,14.537,M_Quiescence
Kcnk1,1,8.279,M_Quiescence
Kcnk10,1,14.443,M_Quiescence
Kcnk6,1,14.698,M_Quiescence
Kcnmb3,1,16.378,M_Quiescence
Kcnmb4,1,11.911,M_Quiescence
Kcnn1,1,14.704,M_Quiescence
Kcnn4,1,9.847,M_Quiescence
Kcp,1,9.398,M_Quiescence
Kctd18,1,8.124,M_Quiescence
Kctd21,1,3.751,M_Quiescence
Kdelr2,1,8.285,M_Quiescence
Kdm4a,1,10.128,M_Quiescence
Kdm5b,1,14.393,M_Quiescence
Kdsr,1,11.26,M_Quiescence
Khk,1,8.594,M_Quiescence
Kif18b,1,22.133,M_Quiescence
Kif19a,1,3.981,M_Quiescence
Kif1c,1,11.772,M_Quiescence
Kif3a,1,9.181,M_Quiescence
Kif3b,1,12.646,M_Quiescence
Kif5c,1,11.551,M_Quiescence
Kirrel2,1,15.043,M_Quiescence
Klf13,1,5.746,M_Quiescence
Klf4,1,5.08,M_Quiescence
Klhdc9,1,12.322,M_Quiescence
Klhl2,1,5.092,M_Quiescence
Klhl29,1,21.45,M_Quiescence
Klhl41,1,18.987,M_Quiescence
Klhl7,1,5.653,M_Quiescence
Klk11,1,13.235,M_Quiescence
Klkb1,1,8.064,M_Quiescence
Kmt2b,1,14.718,M_Quiescence
Kndc1,1,22.393,M_Quiescence
Kpna2,1,10.178,M_Quiescence
Kptn,1,13.891,M_Quiescence
Kras,1,9.071,M_Quiescence
Krit1,1,15.633,M_Quiescence
Krt10,1,11.474,M_Quiescence
Krt28,1,10.579,M_Quiescence
Krtdap,1,9.921,M_Quiescence
Kynu,1,10.408,M_Quiescence
L3mbtl1,1,10.279,M_Quiescence
Lama2,1,15.864,M_Quiescence
Lamb2,1,7.247,M_Quiescence
Lamb3,1,24.983,M_Quiescence
Lamtor1,1,8.058,M_Quiescence
Larp1,1,17.18,M_Quiescence
Larp4b,1,11.618,M_Quiescence
Lbr,1,11.457,M_Quiescence
Lca5,1,16.636,M_Quiescence
Lcn2,1,7.377,M_Quiescence
Ldlrad3,1,11.263,M_Quiescence
Leap2,1,14.97,M_Quiescence
Lef1,1,15.38,M_Quiescence
Leng1,1,6.96,M_Quiescence
Leo1,1,9.45,M_Quiescence
Leprot,1,10.852,M_Quiescence
Leprotl1,1,4.16,M_Quiescence
Letm2,1,1.116,M_Quiescence
Lgals4,1,11.228,M_Quiescence
Lgals7,1,17.782,M_Quiescence
Lgals8,1,1.076,M_Quiescence
Lgr4,1,13.455,M_Quiescence
Lhb,1,2.078,M_Quiescence
Lhfpl3,1,14.372,M_Quiescence
Lhfpl4,1,16.241,M_Quiescence
Lig4,1,7.054,M_Quiescence
Lilrb4a,1,3.087,M_Quiescence
Lin37,1,1.898,M_Quiescence
Lin7c,1,8.203,M_Quiescence
Lin9,1,15.362,M_Quiescence
Lins1,1,8.878,M_Quiescence
Lipc,1,12.495,M_Quiescence
Llgl2,1,10.127,M_Quiescence
Lmbrd1,1,3.604,M_Quiescence
Lmcd1,1,11.383,M_Quiescence
Lmo2,1,19.163,M_Quiescence
Lmtk3,1,4.384,M_Quiescence
Lockd,1,14.454,M_Quiescence
Lonrf2,1,23.32,M_Quiescence
Loxl3,1,0.781,M_Quiescence
Lpar1,1,18.174,M_Quiescence
Lpcat3,1,12.581,M_Quiescence
Lrfn1,1,4.778,M_Quiescence
Lrfn5,1,26.521,M_Quiescence
Lrif1,1,6.546,M_Quiescence
Lrig1,1,20.252,M_Quiescence
Lrig2,1,13.561,M_Quiescence
Lrp11,1,11.047,M_Quiescence
Lrp2,1,15.551,M_Quiescence
Lrr1,1,14.292,M_Quiescence
Lrrc1,1,12.647,M_Quiescence
Lrrc10,1,15.537,M_Quiescence
Lrrc17,1,23.314,M_Quiescence
Lrrc28,1,17.819,M_Quiescence
Lrrc39,1,2.62,M_Quiescence
Lrrc40,1,8.675,M_Quiescence
Lrrc49,1,16.579,M_Quiescence
Lrrc52,1,12.961,M_Quiescence
Lrrc8c,1,15.316,M_Quiescence
Lrriq4,1,17.237,M_Quiescence
Lrrk1,1,11.681,M_Quiescence
Lrrn2,1,17.165,M_Quiescence
Lrrn4,1,14.65,M_Quiescence
Lsm14a,1,16.025,M_Quiescence
Lsm3,1,10.063,M_Quiescence
Lsm6,1,8.811,M_Quiescence
Lsp1,1,2.559,M_Quiescence
Lsr,1,5.83,M_Quiescence
Lta4h,1,4.978,M_Quiescence
Ltbr,1,7.535,M_Quiescence
Luzp2,1,15.633,M_Quiescence
Ly9,1,1.362,M_Quiescence
Lyl1,1,12.045,M_Quiescence
Lypd6,1,8.785,M_Quiescence
Lyrm1,1,17.803,M_Quiescence
Lyzl4,1,1.47,M_Quiescence
Lzic,1,4.257,M_Quiescence
M6pr,1,11.988,M_Quiescence
Mab21l3,1,16.689,M_Quiescence
Mad2l1,1,10.629,M_Quiescence
Magohb,1,2.922,M_Quiescence
Mak16,1,4.772,M_Quiescence
Maml2,1,8.802,M_Quiescence
Mamstr,1,13.686,M_Quiescence
Man1a2,1,2.417,M_Quiescence
Man2b1,1,5.941,M_Quiescence
Man2b2,1,7.436,M_Quiescence
Man2c1,1,8.916,M_Quiescence
Manbal,1,10.136,M_Quiescence
Map2k1,1,8.093,M_Quiescence
Map2k5,1,3.018,M_Quiescence
Map3k19,1,14.77,M_Quiescence
Map3k3,1,19.467,M_Quiescence
Map4k1,1,3.249,M_Quiescence
Map6,1,14.677,M_Quiescence
Mapk3,1,14.544,M_Quiescence
Mapkapk2,1,14.46,M_Quiescence
Marcksl1,1,4.177,M_Quiescence
Mark1,1,16.812,M_Quiescence
Mark3,1,15.125,M_Quiescence
Mast2,1,11.954,M_Quiescence
Mavs,1,5.701,M_Quiescence
Maz,1,15.103,M_Quiescence
Mbd6,1,16.356,M_Quiescence
Mbip,1,3.276,M_Quiescence
Mboat1,1,10.503,M_Quiescence
Mcam,1,16.346,M_Quiescence
Mccc1,1,10.902,M_Quiescence
Mccc1os,1,13.986,M_Quiescence
Mcm2,1,12.367,M_Quiescence
Mcm3ap,1,8.762,M_Quiescence
Mcm8,1,12.272,M_Quiescence
Mcmbp,1,1.81,M_Quiescence
Mcph1,1,12.281,M_Quiescence
Mctp2,1,16.182,M_Quiescence
Mdfic,1,13.609,M_Quiescence
Mdk,1,9.277,M_Quiescence
Mdm1,1,7.486,M_Quiescence
Mdm2,1,0.877,M_Quiescence
Meaf6,1,5.97,M_Quiescence
Med11,1,1.238,M_Quiescence
Med13,1,23.608,M_Quiescence
Med13l,1,22.658,M_Quiescence
Med16,1,1.77,M_Quiescence
Med18,1,6.464,M_Quiescence
Med19,1,4.47,M_Quiescence
Med9,1,2.738,M_Quiescence
Megf9,1,1.572,M_Quiescence
Mertk,1,12.869,M_Quiescence
Metap1,1,1.073,M_Quiescence
Metrnl,1,2.64,M_Quiescence
Mettl2,1,0.807,M_Quiescence
Mettl21c,1,21.212,M_Quiescence
Mettl24,1,13.585,M_Quiescence
Mettl9,1,1.906,M_Quiescence
Mfap4,1,2.731,M_Quiescence
Mff,1,8.81,M_Quiescence
Mfn2,1,0.603,M_Quiescence
Mfsd2a,1,18.045,M_Quiescence
Mgam,1,14.877,M_Quiescence
Mical2,1,16.665,M_Quiescence
Micu1,1,8.817,M_Quiescence
Midn,1,14.57,M_Quiescence
Miip,1,1.172,M_Quiescence
Mink1,1,15.09,M_Quiescence
Mir1931,1,10.166,M_Quiescence
Mir301,1,6.143,M_Quiescence
Mir5110,1,9.773,M_Quiescence
Mir674,1,2.053,M_Quiescence
Mis18bp1,1,23.535,M_Quiescence
Mki67,1,7.953,M_Quiescence
Mkks,1,1.674,M_Quiescence
Mknk2,1,14.206,M_Quiescence
Mkrn1,1,4.885,M_Quiescence
Mkrn2,1,6.805,M_Quiescence
Mkrn3,1,3.794,M_Quiescence
Mlf2,1,8.423,M_Quiescence
Mlip,1,20.943,M_Quiescence
Mllt11,1,7.815,M_Quiescence
Mllt3,1,19.271,M_Quiescence
Mmel1,1,15.914,M_Quiescence
Mmgt2,1,3.978,M_Quiescence
Mmp13,1,14.417,M_Quiescence
Mmp2,1,3.947,M_Quiescence
Mndal,1,7.269,M_Quiescence
Mob2,1,4.135,M_Quiescence
Mob3b,1,18.728,M_Quiescence
Mobp,1,6.516,M_Quiescence
Mocs3,1,7.131,M_Quiescence
Mon1a,1,6.183,M_Quiescence
Morf4l1,1,5.32,M_Quiescence
Mpdz,1,21.752,M_Quiescence
Mphosph6,1,2.954,M_Quiescence
Mphosph9,1,7.835,M_Quiescence
Mplkip,1,1.375,M_Quiescence
Mpp3,1,16.206,M_Quiescence
Mprip,1,10.636,M_Quiescence
Mpv17,1,14.5,M_Quiescence
Mr1,1,4.482,M_Quiescence
Mras,1,6.587,M_Quiescence
Mrc1,1,1.549,M_Quiescence
Mrc2,1,16.305,M_Quiescence
Mrgprb1,1,13.683,M_Quiescence
Mrpl1,1,14.102,M_Quiescence
Mrpl10,1,7.652,M_Quiescence
Mrpl12,1,5.923,M_Quiescence
Mrpl15,1,17.146,M_Quiescence
Mrpl17,1,17.772,M_Quiescence
Mrpl20,1,2.983,M_Quiescence
Mrpl23,1,7.352,M_Quiescence
Mrpl27,1,4.009,M_Quiescence
Mrpl30,1,1.992,M_Quiescence
Mrpl32,1,1.82,M_Quiescence
Mrpl34,1,6.278,M_Quiescence
Mrpl35,1,11.405,M_Quiescence
Mrpl37,1,1.151,M_Quiescence
Mrpl38,1,6.196,M_Quiescence
Mrpl4,1,6.596,M_Quiescence
Mrpl46,1,3.16,M_Quiescence
Mrpl48,1,10.873,M_Quiescence
Mrpl50,1,6.802,M_Quiescence
Mrps11,1,0.961,M_Quiescence
Mrps2,1,4.609,M_Quiescence
Mrps23,1,7.486,M_Quiescence
Mrps25,1,1.341,M_Quiescence
Mrps31,1,4.606,M_Quiescence
Mrps5,1,2.693,M_Quiescence
Msl3l2,1,1.511,M_Quiescence
Msmo1,1,12.844,M_Quiescence
Msrb3,1,18.541,M_Quiescence
Msx1,1,13.409,M_Quiescence
Mt1,1,8.352,M_Quiescence
Mta1,1,15.596,M_Quiescence
Mterf1b,1,2.634,M_Quiescence
Mtf2,1,7.21,M_Quiescence
Mthfd1,1,6.729,M_Quiescence
Mthfd1l,1,10.018,M_Quiescence
Mtmr14,1,7.058,M_Quiescence
Mtmr3,1,30.649,M_Quiescence
Mtrr,1,12.522,M_Quiescence
Mtx2,1,12.461,M_Quiescence
Musk,1,14.831,M_Quiescence
Mvb12b,1,16.135,M_Quiescence
Mvd,1,4.484,M_Quiescence
Mvp,1,3.948,M_Quiescence
Mxd1,1,11.587,M_Quiescence
Myadm,1,6.0,M_Quiescence
Myb,1,2.344,M_Quiescence
Mybl2,1,18.882,M_Quiescence
Mycl,1,4.891,M_Quiescence
Mycn,1,13.743,M_Quiescence
Myh13,1,17.874,M_Quiescence
Myh7b,1,19.069,M_Quiescence
Myl4,1,16.205,M_Quiescence
Myl6b,1,3.242,M_Quiescence
Myl7,1,9.853,M_Quiescence
Myl9,1,6.136,M_Quiescence
Myo1c,1,3.535,M_Quiescence
Myo3b,1,22.187,M_Quiescence
Myog,1,9.121,M_Quiescence
Myom2,1,18.315,M_Quiescence
Mypop,1,4.406,M_Quiescence
Myt1l,1,18.337,M_Quiescence
Myzap,1,12.491,M_Quiescence
N4bp2l1,1,3.543,M_Quiescence
Naaa,1,3.421,M_Quiescence
Naalad2,1,1.168,M_Quiescence
Nab1,1,7.99,M_Quiescence
Nabp2,1,6.108,M_Quiescence
Naca,1,10.583,M_Quiescence
Nacad,1,14.645,M_Quiescence
Nadk,1,3.079,M_Quiescence
Nadsyn1,1,0.936,M_Quiescence
Nae1,1,7.415,M_Quiescence
Nasp,1,12.415,M_Quiescence
Nbea,1,10.807,M_Quiescence
Nbeal1,1,13.808,M_Quiescence
Ncapd2,1,9.851,M_Quiescence
Ncbp3,1,17.923,M_Quiescence
Ncdn,1,2.292,M_Quiescence
Ncf2,1,7.287,M_Quiescence
Nckap5,1,18.496,M_Quiescence
Nckipsd,1,9.17,M_Quiescence
Ncoa1,1,13.561,M_Quiescence
Ncoa3,1,18.951,M_Quiescence
Ncoa6,1,18.83,M_Quiescence
Ndel1,1,14.777,M_Quiescence
Ndn,1,13.744,M_Quiescence
Ndor1,1,8.311,M_Quiescence
Ndrg4,1,6.449,M_Quiescence
Ndst3,1,16.212,M_Quiescence
Ndufa4,1,14.051,M_Quiescence
Ndufab1,1,10.064,M_Quiescence
Ndufaf4,1,3.031,M_Quiescence
Necab1,1,15.484,M_Quiescence
Nedd9,1,8.387,M_Quiescence
Neil1,1,0.825,M_Quiescence
Nek1,1,8.268,M_Quiescence
Nek3,1,11.514,M_Quiescence
Nek7,1,2.758,M_Quiescence
Nek8,1,22.131,M_Quiescence
Nelfa,1,9.239,M_Quiescence
Nelfb,1,5.313,M_Quiescence
Net1,1,18.387,M_Quiescence
Neurl2,1,6.828,M_Quiescence
Neurod2,1,8.439,M_Quiescence
Neurod6,1,17.15,M_Quiescence
Nf2,1,13.472,M_Quiescence
Nfat5,1,13.321,M_Quiescence
Nfia,1,12.437,M_Quiescence
Nfs1,1,10.873,M_Quiescence
Nfx1,1,9.199,M_Quiescence
Ngrn,1,6.433,M_Quiescence
Nhej1,1,12.696,M_Quiescence
Nicn1,1,9.633,M_Quiescence
Ninl,1,10.337,M_Quiescence
Nip7,1,7.589,M_Quiescence
Nipa1,1,1.954,M_Quiescence
Nipsnap1,1,13.407,M_Quiescence
Nit1,1,2.629,M_Quiescence
Nkain1,1,16.266,M_Quiescence
Nkain2,1,19.804,M_Quiescence
Nkx2-2,1,12.152,M_Quiescence
Nlgn1,1,18.503,M_Quiescence
Nlrp1b,1,16.021,M_Quiescence
Nmb,1,12.887,M_Quiescence
Nme7,1,18.536,M_Quiescence
Nmnat1,1,15.225,M_Quiescence
Noct,1,17.0,M_Quiescence
Nom1,1,13.861,M_Quiescence
Nop10,1,4.422,M_Quiescence
Nop14,1,6.444,M_Quiescence
Nop56,1,3.63,M_Quiescence
Nos1,1,23.129,M_Quiescence
Nos2,1,20.655,M_Quiescence
Notch2,1,23.549,M_Quiescence
Nova1,1,7.179,M_Quiescence
Npas2,1,17.712,M_Quiescence
Npas3,1,22.738,M_Quiescence
Npc1l1,1,21.246,M_Quiescence
Nphp4,1,13.826,M_Quiescence
Nploc4,1,13.449,M_Quiescence
Npm1,1,4.27,M_Quiescence
Npnt,1,2.003,M_Quiescence
Nppc,1,15.2,M_Quiescence
Npr2,1,9.638,M_Quiescence
Npsr1,1,21.238,M_Quiescence
Nptn,1,1.786,M_Quiescence
Npy,1,4.849,M_Quiescence
Npy2r,1,9.996,M_Quiescence
Nr0b2,1,17.738,M_Quiescence
Nr1d1,1,1.942,M_Quiescence
Nr2f2,1,14.353,M_Quiescence
Nr4a3,1,2.311,M_Quiescence
Nradd,1,1.439,M_Quiescence
Nras,1,12.744,M_Quiescence
Nrbf2,1,0.672,M_Quiescence
Nrcam,1,16.206,M_Quiescence
Nrf1,1,12.433,M_Quiescence
Nrg4,1,13.823,M_Quiescence
Nsg1,1,8.193,M_Quiescence
Nsg2,1,4.638,M_Quiescence
Nsmce1,1,12.492,M_Quiescence
Nsmf,1,5.746,M_Quiescence
Nsun2,1,5.999,M_Quiescence
Nsun6,1,10.945,M_Quiescence
Nt5c,1,8.933,M_Quiescence
Nt5c3,1,10.9,M_Quiescence
Ntf5,1,6.468,M_Quiescence
Ntm,1,15.539,M_Quiescence
Ntmt1,1,8.93,M_Quiescence
Ntrk3,1,18.713,M_Quiescence
Nudcd3,1,3.483,M_Quiescence
Nudt1,1,2.628,M_Quiescence
Nudt4,1,9.427,M_Quiescence
Numb,1,3.759,M_Quiescence
Numbl,1,3.264,M_Quiescence
Nup210l,1,15.326,M_Quiescence
Nup214,1,7.641,M_Quiescence
Nup35,1,17.255,M_Quiescence
Nup62,1,2.028,M_Quiescence
Nup85,1,6.214,M_Quiescence
Nup88,1,3.311,M_Quiescence
Nup98,1,8.059,M_Quiescence
Nupr1,1,5.0,M_Quiescence
Nusap1,1,10.742,M_Quiescence
Nutf2,1,14.849,M_Quiescence
Nxpe5,1,16.492,M_Quiescence
Nxph3,1,11.45,M_Quiescence
Nxt1,1,4.532,M_Quiescence
Nyap1,1,11.796,M_Quiescence
Oat,1,6.46,M_Quiescence
Oaz2,1,16.408,M_Quiescence
Odf2,1,6.876,M_Quiescence
Ogfod1,1,5.203,M_Quiescence
Ogfod2,1,2.02,M_Quiescence
Oip5,1,17.403,M_Quiescence
Olfm1,1,10.36,M_Quiescence
Omd,1,22.539,M_Quiescence
Omg,1,9.886,M_Quiescence
Opa3,1,9.894,M_Quiescence
Oprl1,1,12.852,M_Quiescence
Oprm1,1,20.702,M_Quiescence
Orai1,1,15.832,M_Quiescence
Orc1,1,16.091,M_Quiescence
Orc3,1,3.318,M_Quiescence
Ormdl1,1,7.19,M_Quiescence
Osbpl2,1,8.534,M_Quiescence
Osbpl3,1,10.048,M_Quiescence
Osbpl9,1,3.035,M_Quiescence
Oscar,1,7.072,M_Quiescence
Oscp1,1,13.398,M_Quiescence
Osgin2,1,8.259,M_Quiescence
Ostm1,1,11.109,M_Quiescence
Otoa,1,23.497,M_Quiescence
Otos,1,11.213,M_Quiescence
Otud4,1,15.235,M_Quiescence
Oxld1,1,6.338,M_Quiescence
Oxsr1,1,9.645,M_Quiescence
P2rx1,1,5.609,M_Quiescence
P3h1,1,8.957,M_Quiescence
P3h3,1,10.253,M_Quiescence
P4ha2,1,19.75,M_Quiescence
P4ha3,1,21.049,M_Quiescence
Pabpc4,1,9.408,M_Quiescence
Pabpc4l,1,15.443,M_Quiescence
Pacs2,1,11.025,M_Quiescence
Padi1,1,18.374,M_Quiescence
Palld,1,20.937,M_Quiescence
Palmd,1,30.533,M_Quiescence
Pamr1,1,26.99,M_Quiescence
Paox,1,3.622,M_Quiescence
Papolg,1,6.623,M_Quiescence
Paqr3,1,14.9,M_Quiescence
Parm1,1,20.906,M_Quiescence
Parp16,1,4.815,M_Quiescence
Parp3,1,7.538,M_Quiescence
Pax6,1,18.451,M_Quiescence
Pax8,1,16.165,M_Quiescence
Pbx3,1,5.068,M_Quiescence
Pbx4,1,22.346,M_Quiescence
Pcbp3,1,13.08,M_Quiescence
Pcbp4,1,5.706,M_Quiescence
Pcdh15,1,23.505,M_Quiescence
Pcdh7,1,12.977,M_Quiescence
Pcp4l1,1,4.546,M_Quiescence
Pcsk2,1,15.102,M_Quiescence
Pcsk7,1,4.943,M_Quiescence
Pcyt2,1,5.956,M_Quiescence
Pdap1,1,3.42,M_Quiescence
Pdcd7,1,6.921,M_Quiescence
Pde11a,1,14.19,M_Quiescence
Pde5a,1,23.117,M_Quiescence
Pde7a,1,5.574,M_Quiescence
Pdp2,1,14.295,M_Quiescence
Pdrg1,1,9.597,M_Quiescence
Pdzd9,1,14.846,M_Quiescence
Pdzk1ip1,1,3.526,M_Quiescence
Pear1,1,2.979,M_Quiescence
Peg3,1,15.022,M_Quiescence
Peli1,1,7.583,M_Quiescence
Pelp1,1,10.914,M_Quiescence
Penk,1,11.119,M_Quiescence
Pepd,1,20.24,M_Quiescence
Perp,1,2.584,M_Quiescence
Pex12,1,4.012,M_Quiescence
Pex13,1,8.751,M_Quiescence
Pfdn4,1,4.236,M_Quiescence
Pfn1,1,20.176,M_Quiescence
Pgap1,1,10.509,M_Quiescence
Pgap3,1,4.187,M_Quiescence
Pgf,1,11.575,M_Quiescence
Pgm2l1,1,5.449,M_Quiescence
Phactr1,1,13.809,M_Quiescence
Phactr4,1,7.844,M_Quiescence
Phf14,1,9.614,M_Quiescence
Phf23,1,14.818,M_Quiescence
Phf3,1,25.48,M_Quiescence
Phlda3,1,10.698,M_Quiescence
Phldb1,1,7.335,M_Quiescence
Phtf2,1,15.75,M_Quiescence
Pi4k2b,1,11.365,M_Quiescence
Pi4kb,1,11.298,M_Quiescence
Pidd1,1,3.815,M_Quiescence
Pif1,1,22.933,M_Quiescence
Pigt,1,12.119,M_Quiescence
Pik3ca,1,9.292,M_Quiescence
Pik3cb,1,10.112,M_Quiescence
Pik3cd,1,14.953,M_Quiescence
Pik3cg,1,5.975,M_Quiescence
Pik3ip1,1,4.137,M_Quiescence
Pikfyve,1,10.065,M_Quiescence
Pilra,1,1.749,M_Quiescence
Pilrb1,1,9.716,M_Quiescence
Pilrb2,1,9.654,M_Quiescence
Pin1,1,9.527,M_Quiescence
Pink1,1,7.224,M_Quiescence
Pip5k1a,1,6.355,M_Quiescence
Pitpnb,1,7.249,M_Quiescence
Pkd2,1,11.583,M_Quiescence
Pkn1,1,27.462,M_Quiescence
Pla2g1b,1,16.49,M_Quiescence
Pla2g5,1,19.228,M_Quiescence
Plac8,1,2.432,M_Quiescence
Platr22,1,14.723,M_Quiescence
Platr25,1,11.984,M_Quiescence
Platr7,1,15.815,M_Quiescence
Plaur,1,1.141,M_Quiescence
Plcb4,1,20.838,M_Quiescence
Plch2,1,15.727,M_Quiescence
Plcl1,1,12.334,M_Quiescence
Plekha1,1,1.133,M_Quiescence
Plekha2,1,3.024,M_Quiescence
Plekha3,1,4.227,M_Quiescence
Plekha5,1,9.8,M_Quiescence
Plekha7,1,13.465,M_Quiescence
Plekhb2,1,11.139,M_Quiescence
Plekhg1,1,16.11,M_Quiescence
Plekhg3,1,13.794,M_Quiescence
Plekhg5,1,7.796,M_Quiescence
Plekhh3,1,10.908,M_Quiescence
Plekhm2,1,14.097,M_Quiescence
Plekho2,1,4.445,M_Quiescence
Plet1,1,10.709,M_Quiescence
Plin2,1,11.021,M_Quiescence
Plk1,1,0.876,M_Quiescence
Plk5,1,8.977,M_Quiescence
Plpp2,1,2.559,M_Quiescence
Plppr2,1,12.223,M_Quiescence
Plppr4,1,12.395,M_Quiescence
Pls1,1,24.657,M_Quiescence
Plscr3,1,9.337,M_Quiescence
Plscr4,1,19.939,M_Quiescence
Plxdc2,1,3.72,M_Quiescence
Plxnb1,1,14.798,M_Quiescence
Plxnd1,1,2.946,M_Quiescence
Pmel,1,19.918,M_Quiescence
Pmepa1os,1,6.811,M_Quiescence
Pml,1,4.299,M_Quiescence
Pmp22,1,7.288,M_Quiescence
Pmpca,1,7.689,M_Quiescence
Pnrc2,1,9.02,M_Quiescence
Poc1b,1,1.244,M_Quiescence
Podxl2,1,18.027,M_Quiescence
Pold3,1,4.407,M_Quiescence
Pole4,1,4.194,M_Quiescence
Polg,1,10.453,M_Quiescence
Polg2,1,9.609,M_Quiescence
Polr1b,1,3.36,M_Quiescence
Polr2a,1,16.401,M_Quiescence
Polr2b,1,5.6,M_Quiescence
Polr2l,1,9.242,M_Quiescence
Polr3b,1,5.168,M_Quiescence
Polr3c,1,2.363,M_Quiescence
Pom121,1,22.69,M_Quiescence
Pomgnt2,1,1.468,M_Quiescence
Pomk,1,5.577,M_Quiescence
Pon2,1,12.812,M_Quiescence
Por,1,3.32,M_Quiescence
Postn,1,2.888,M_Quiescence
Pou2f3,1,22.734,M_Quiescence
Ppa1,1,16.74,M_Quiescence
Ppan,1,6.27,M_Quiescence
Ppargc1a,1,21.838,M_Quiescence
Ppat,1,3.734,M_Quiescence
Ppcdc,1,7.482,M_Quiescence
Ppef2,1,16.378,M_Quiescence
Ppfia1,1,10.641,M_Quiescence
Ppfia4,1,6.021,M_Quiescence
Ppfibp1,1,18.324,M_Quiescence
Ppia,1,12.745,M_Quiescence
Ppib,1,13.159,M_Quiescence
Ppip5k1,1,5.802,M_Quiescence
Ppm1d,1,2.7,M_Quiescence
Ppm1e,1,7.531,M_Quiescence
Ppm1h,1,7.689,M_Quiescence
Ppm1k,1,10.901,M_Quiescence
Ppox,1,12.297,M_Quiescence
Ppp1cb,1,10.306,M_Quiescence
Ppp1cc,1,8.116,M_Quiescence
Ppp1r14a,1,8.543,M_Quiescence
Ppp1r15b,1,7.333,M_Quiescence
Ppp1r1b,1,10.487,M_Quiescence
Ppp1r27,1,6.287,M_Quiescence
Ppp1r3b,1,8.351,M_Quiescence
Ppp1r8,1,1.259,M_Quiescence
Ppp2r3c,1,5.293,M_Quiescence
Ppp3ca,1,7.501,M_Quiescence
Ppp4r1l-ps,1,4.976,M_Quiescence
Prcc,1,10.758,M_Quiescence
Prdm16,1,20.69,M_Quiescence
Prdx6,1,6.72,M_Quiescence
Preb,1,11.46,M_Quiescence
Prf1,1,5.979,M_Quiescence
Primpol,1,6.63,M_Quiescence
Prkaa2,1,12.849,M_Quiescence
Prkab2,1,5.2,M_Quiescence
Prkag2,1,5.827,M_Quiescence
Prkar1b,1,8.422,M_Quiescence
Prkch,1,2.658,M_Quiescence
Prkcq,1,11.299,M_Quiescence
Prmt7,1,11.629,M_Quiescence
Procr,1,0.981,M_Quiescence
Prodh2,1,16.513,M_Quiescence
Prok1,1,10.084,M_Quiescence
Prom1,1,16.84,M_Quiescence
Proser1,1,7.959,M_Quiescence
Proser3,1,4.112,M_Quiescence
Prpf3,1,3.733,M_Quiescence
Prpf31,1,6.857,M_Quiescence
Prpf40a,1,4.245,M_Quiescence
Prpf6,1,1.953,M_Quiescence
Prr14l,1,14.293,M_Quiescence
Prr15l,1,13.115,M_Quiescence
Prr5l,1,14.645,M_Quiescence
Prrc2b,1,28.143,M_Quiescence
Prrc2c,1,13.939,M_Quiescence
Prrt4,1,12.507,M_Quiescence
Prss12,1,16.669,M_Quiescence
Prss23,1,15.341,M_Quiescence
Prss35,1,18.46,M_Quiescence
Prss36,1,7.298,M_Quiescence
Prss39,1,16.636,M_Quiescence
Prtg,1,17.812,M_Quiescence
Psd4,1,6.606,M_Quiescence
Psen2,1,3.963,M_Quiescence
Psip1,1,6.737,M_Quiescence
Pskh1,1,2.765,M_Quiescence
Psma7,1,9.206,M_Quiescence
Psmb2,1,11.157,M_Quiescence
Psmb4,1,13.033,M_Quiescence
Psmd1,1,10.816,M_Quiescence
Psmd11,1,12.718,M_Quiescence
Psmd3,1,10.837,M_Quiescence
Psmg4,1,5.064,M_Quiescence
Psph,1,17.027,M_Quiescence
Ptafr,1,8.038,M_Quiescence
Ptbp3,1,13.612,M_Quiescence
Ptcd3,1,3.92,M_Quiescence
Ptgs1,1,4.776,M_Quiescence
Ptpn14,1,13.557,M_Quiescence
Ptpn3,1,20.474,M_Quiescence
Ptpn4,1,7.087,M_Quiescence
Ptpn7,1,14.075,M_Quiescence
Ptprz1,1,27.119,M_Quiescence
Pts,1,7.01,M_Quiescence
Pttg1ip,1,14.745,M_Quiescence
Pum1,1,3.748,M_Quiescence
Pus7,1,15.287,M_Quiescence
Pwp1,1,9.157,M_Quiescence
Pwp2,1,2.53,M_Quiescence
Pxmp4,1,10.346,M_Quiescence
Pxylp1,1,13.379,M_Quiescence
Pycard,1,4.517,M_Quiescence
Pycr2,1,9.353,M_Quiescence
Pygo1,1,22.255,M_Quiescence
Pygo2,1,6.764,M_Quiescence
Pzp,1,18.073,M_Quiescence
Qprt,1,3.308,M_Quiescence
R3hdm2,1,21.572,M_Quiescence
R3hdm4,1,3.286,M_Quiescence
Rab1a,1,11.298,M_Quiescence
Rab25,1,2.443,M_Quiescence
Rab28,1,4.56,M_Quiescence
Rab2a,1,9.28,M_Quiescence
Rab39,1,5.952,M_Quiescence
Rab3a,1,3.933,M_Quiescence
Rab43,1,2.039,M_Quiescence
Rab4a,1,3.354,M_Quiescence
Rab5b,1,2.543,M_Quiescence
Rab6a,1,3.444,M_Quiescence
Rab7b,1,14.573,M_Quiescence
Rab8a,1,12.654,M_Quiescence
Rab8b,1,3.888,M_Quiescence
Rabac1,1,13.249,M_Quiescence
Rabepk,1,13.546,M_Quiescence
Rabl6,1,5.402,M_Quiescence
Rad51d,1,0.403,M_Quiescence
Rag2,1,13.041,M_Quiescence
Ralgapa2,1,24.364,M_Quiescence
Ralgds,1,2.987,M_Quiescence
Raly,1,11.93,M_Quiescence
Ramp2,1,7.537,M_Quiescence
Ranbp10,1,26.694,M_Quiescence
Rapgef1,1,23.087,M_Quiescence
Rapgef2,1,10.427,M_Quiescence
Rapgef5,1,12.991,M_Quiescence
Rasal2,1,9.136,M_Quiescence
Rasd1,1,10.518,M_Quiescence
Rasgrp1,1,7.369,M_Quiescence
Rasgrp4,1,3.307,M_Quiescence
Rasl12,1,14.334,M_Quiescence
Rassf1,1,3.017,M_Quiescence
Rassf2,1,11.688,M_Quiescence
Rassf3,1,9.02,M_Quiescence
Rbbp4,1,2.3,M_Quiescence
Rbbp5,1,10.142,M_Quiescence
Rbbp6,1,21.36,M_Quiescence
Rbck1,1,10.105,M_Quiescence
Rbfox3,1,19.022,M_Quiescence
Rbm12b2,1,6.186,M_Quiescence
Rbm18,1,15.668,M_Quiescence
Rbm5,1,5.301,M_Quiescence
Rbm8a,1,3.224,M_Quiescence
Rc3h1,1,7.672,M_Quiescence
Rcc2,1,18.644,M_Quiescence
Rchy1,1,3.617,M_Quiescence
Rcn1,1,1.931,M_Quiescence
Rcor3,1,19.588,M_Quiescence
Rcsd1,1,3.72,M_Quiescence
Rdh13,1,11.876,M_Quiescence
Rdh14,1,10.289,M_Quiescence
Rdh16,1,23.805,M_Quiescence
Rec114,1,11.201,M_Quiescence
Recql,1,10.386,M_Quiescence
Reep3,1,12.392,M_Quiescence
Rell1,1,9.083,M_Quiescence
Relt,1,1.489,M_Quiescence
Repin1,1,1.99,M_Quiescence
Rer1,1,13.301,M_Quiescence
Rev3l,1,6.947,M_Quiescence
Rexo1,1,11.349,M_Quiescence
Rexo2,1,4.319,M_Quiescence
Rexo4,1,2.678,M_Quiescence
Rfc2,1,9.917,M_Quiescence
Rfesd,1,11.944,M_Quiescence
Rfpl4,1,20.454,M_Quiescence
Rftn2,1,14.502,M_Quiescence
Rfwd3,1,6.611,M_Quiescence
Rfxank,1,3.796,M_Quiescence
Rgl1,1,7.759,M_Quiescence
Rgma,1,14.346,M_Quiescence
Rgp1,1,9.475,M_Quiescence
Rgs12,1,14.421,M_Quiescence
Rgs5,1,4.762,M_Quiescence
Rgs8,1,12.734,M_Quiescence
Rhbdd3,1,5.032,M_Quiescence
Rhbdl3,1,17.469,M_Quiescence
Rhbg,1,16.805,M_Quiescence
Rhd,1,8.84,M_Quiescence
Rheb,1,16.711,M_Quiescence
Rhof,1,12.146,M_Quiescence
Rhpn2,1,17.663,M_Quiescence
Rilpl2,1,2.849,M_Quiescence
Rims1,1,14.203,M_Quiescence
Rin2,1,6.949,M_Quiescence
Rin3,1,7.897,M_Quiescence
Rit1,1,4.944,M_Quiescence
Rmdn1,1,12.048,M_Quiescence
Rmnd5a,1,9.652,M_Quiescence
Rnd2,1,7.751,M_Quiescence
Rnf112,1,17.111,M_Quiescence
Rnf115,1,3.763,M_Quiescence
Rnf121,1,1.582,M_Quiescence
Rnf123,1,10.744,M_Quiescence
Rnf145,1,3.899,M_Quiescence
Rnf150,1,13.332,M_Quiescence
Rnf152,1,16.325,M_Quiescence
Rnf24,1,9.839,M_Quiescence
Rnf25,1,10.802,M_Quiescence
Rnf32,1,21.794,M_Quiescence
Rnf6,1,7.78,M_Quiescence
Rnpep,1,4.919,M_Quiescence
Rp31-ps19,1,8.876,M_Quiescence
Rp9,1,3.623,M_Quiescence
Rpa3,1,8.386,M_Quiescence
Rpap1,1,7.082,M_Quiescence
Rpl12,1,15.937,M_Quiescence
Rpl13a,1,14.852,M_Quiescence
Rpl14,1,12.367,M_Quiescence
Rpl21-ps14,1,7.906,M_Quiescence
Rpl26-ps2,1,4.74,M_Quiescence
Rpl27a,1,11.045,M_Quiescence
Rpl28,1,14.211,M_Quiescence
Rpl30-ps1,1,10.494,M_Quiescence
Rpl30-ps5,1,7.567,M_Quiescence
Rpl7,1,10.975,M_Quiescence
Rpl7a-ps14,1,13.852,M_Quiescence
Rpn1,1,12.895,M_Quiescence
Rpp38,1,8.863,M_Quiescence
Rprd1b,1,8.685,M_Quiescence
Rprm,1,11.599,M_Quiescence
Rprml,1,0.742,M_Quiescence
Rps11-ps2,1,9.755,M_Quiescence
Rps12,1,10.798,M_Quiescence
Rps13-ps2,1,5.677,M_Quiescence
Rps16,1,12.043,M_Quiescence
Rps18-ps3,1,11.716,M_Quiescence
Rps20,1,14.314,M_Quiescence
Rps21,1,12.965,M_Quiescence
Rps25-ps1,1,3.335,M_Quiescence
Rps27-ps1,1,9.013,M_Quiescence
Rps27a-ps2,1,5.708,M_Quiescence
Rps7,1,12.156,M_Quiescence
Rpusd2,1,19.351,M_Quiescence
Rpusd3,1,1.123,M_Quiescence
Rrbp1,1,14.101,M_Quiescence
Rreb1,1,14.139,M_Quiescence
Rrm1,1,9.478,M_Quiescence
Rrp15,1,11.062,M_Quiescence
Rsad2,1,7.166,M_Quiescence
Rsf1,1,6.511,M_Quiescence
Rsl24d1,1,3.487,M_Quiescence
Rsph6a,1,16.86,M_Quiescence
Rspo3,1,17.536,M_Quiescence
Rsrc2,1,3.243,M_Quiescence
Rsrp1,1,4.955,M_Quiescence
Rtn2,1,9.715,M_Quiescence
Rufy2,1,7.083,M_Quiescence
Rufy4,1,14.519,M_Quiescence
Rundc3a,1,4.181,M_Quiescence
Ryr2,1,13.529,M_Quiescence
Ryr3,1,17.632,M_Quiescence
S100a3,1,20.555,M_Quiescence
Sae1,1,15.46,M_Quiescence
Sall1,1,20.564,M_Quiescence
Samd13,1,14.093,M_Quiescence
Samd14,1,6.944,M_Quiescence
Samd4b,1,22.805,M_Quiescence
Samd5,1,14.917,M_Quiescence
Samd9l,1,1.277,M_Quiescence
Sap30,1,1.822,M_Quiescence
Sap30l,1,5.748,M_Quiescence
Sar1b,1,18.298,M_Quiescence
Sarnp,1,4.674,M_Quiescence
Sart3,1,4.04,M_Quiescence
Sat2,1,8.593,M_Quiescence
Satb2,1,12.869,M_Quiescence
Saxo2,1,10.258,M_Quiescence
Sbds,1,5.369,M_Quiescence
Sbf2,1,9.826,M_Quiescence
Sbk1,1,7.332,M_Quiescence
Sbk2,1,20.328,M_Quiescence
Sc5d,1,9.002,M_Quiescence
Scaf1,1,13.823,M_Quiescence
Scamp2,1,8.467,M_Quiescence
Scap,1,10.781,M_Quiescence
Scarna3b,1,10.596,M_Quiescence
Scg5,1,13.58,M_Quiescence
Scmh1,1,6.944,M_Quiescence
Scml4,1,13.245,M_Quiescence
Scn1b,1,13.828,M_Quiescence
Scn3b,1,18.664,M_Quiescence
Scn4a,1,20.969,M_Quiescence
Scnn1a,1,8.325,M_Quiescence
Scrg1,1,9.039,M_Quiescence
Scube2,1,18.476,M_Quiescence
Sdad1,1,1.991,M_Quiescence
Sdhaf3,1,22.347,M_Quiescence
Sec11a,1,19.491,M_Quiescence
Sec13,1,15.8,M_Quiescence
Sec14l2,1,6.473,M_Quiescence
Sec16a,1,21.032,M_Quiescence
Sec22b,1,16.569,M_Quiescence
Sec24a,1,11.373,M_Quiescence
Sec31a,1,7.305,M_Quiescence
Sec61a1,1,8.117,M_Quiescence
Sec61a2,1,11.224,M_Quiescence
Sel1l3,1,18.448,M_Quiescence
Selenbp1,1,8.459,M_Quiescence
Sema3c,1,24.492,M_Quiescence
Sema3e,1,18.641,M_Quiescence
Sema3f,1,14.554,M_Quiescence
Sema4b,1,4.845,M_Quiescence
Sema4f,1,15.499,M_Quiescence
Sema6d,1,7.468,M_Quiescence
Sephs1,1,5.315,M_Quiescence
Sepsecs,1,9.221,M_Quiescence
Serpinb12,1,18.21,M_Quiescence
Serpinb9,1,7.905,M_Quiescence
Serpinh1,1,12.48,M_Quiescence
Sesn2,1,13.552,M_Quiescence
Sesn3,1,9.967,M_Quiescence
Set,1,4.079,M_Quiescence
Setd5,1,19.23,M_Quiescence
Sez6l2,1,8.862,M_Quiescence
Sfmbt2,1,15.902,M_Quiescence
Sfswap,1,25.397,M_Quiescence
Sgce,1,1.848,M_Quiescence
Sh2b1,1,17.838,M_Quiescence
Sh2b2,1,13.187,M_Quiescence
Sh2b3,1,4.232,M_Quiescence
Sh2d3c,1,5.781,M_Quiescence
Sh3bp5l,1,1.365,M_Quiescence
Sh3gl2,1,16.001,M_Quiescence
Sh3gl3,1,15.436,M_Quiescence
Sh3glb1,1,5.702,M_Quiescence
Sh3pxd2b,1,10.647,M_Quiescence
Sh3tc1,1,9.612,M_Quiescence
Shank1,1,6.518,M_Quiescence
Shank2,1,16.226,M_Quiescence
Shisa4,1,16.304,M_Quiescence
Shkbp1,1,10.355,M_Quiescence
Shmt1,1,10.325,M_Quiescence
Shroom3,1,25.948,M_Quiescence
Siae,1,6.855,M_Quiescence
Siah1a,1,5.107,M_Quiescence
Sirt7,1,7.305,M_Quiescence
Skint8,1,21.739,M_Quiescence
Sla2,1,11.006,M_Quiescence
Slamf1,1,18.002,M_Quiescence
Slamf9,1,7.657,M_Quiescence
Slbp,1,7.765,M_Quiescence
Slc10a1,1,17.56,M_Quiescence
Slc10a7,1,5.093,M_Quiescence
Slc12a7,1,1.781,M_Quiescence
Slc13a2,1,11.637,M_Quiescence
Slc16a10,1,5.217,M_Quiescence
Slc16a14,1,21.157,M_Quiescence
Slc16a7,1,4.784,M_Quiescence
Slc17a7,1,9.486,M_Quiescence
Slc18b1,1,0.998,M_Quiescence
Slc19a2,1,4.488,M_Quiescence
Slc1a5,1,2.89,M_Quiescence
Slc1a7,1,11.929,M_Quiescence
Slc22a18,1,17.37,M_Quiescence
Slc22a4,1,11.031,M_Quiescence
Slc24a5,1,13.173,M_Quiescence
Slc25a12,1,4.759,M_Quiescence
Slc25a15,1,6.901,M_Quiescence
Slc25a16,1,2.14,M_Quiescence
Slc25a22,1,8.096,M_Quiescence
Slc25a33,1,1.744,M_Quiescence
Slc25a4,1,10.552,M_Quiescence
Slc25a44,1,9.421,M_Quiescence
Slc25a48,1,20.845,M_Quiescence
Slc26a1,1,10.211,M_Quiescence
Slc27a2,1,22.601,M_Quiescence
Slc27a3,1,2.97,M_Quiescence
Slc2a10,1,15.47,M_Quiescence
Slc2a12,1,18.934,M_Quiescence
Slc30a3,1,12.713,M_Quiescence
Slc30a9,1,2.91,M_Quiescence
Slc31a2,1,5.365,M_Quiescence
Slc35a3,1,8.393,M_Quiescence
Slc35b1,1,2.105,M_Quiescence
Slc35b3,1,3.155,M_Quiescence
Slc35b4,1,5.151,M_Quiescence
Slc35e4,1,2.91,M_Quiescence
Slc35f2,1,13.827,M_Quiescence
Slc35f5,1,7.594,M_Quiescence
Slc36a2,1,8.74,M_Quiescence
Slc38a11,1,26.878,M_Quiescence
Slc38a3,1,19.132,M_Quiescence
Slc39a1,1,10.131,M_Quiescence
Slc39a10,1,5.365,M_Quiescence
Slc39a11,1,9.394,M_Quiescence
Slc39a13,1,6.038,M_Quiescence
Slc4a10,1,14.829,M_Quiescence
Slc4a11,1,17.742,M_Quiescence
Slc50a1,1,11.203,M_Quiescence
Slc5a2,1,11.25,M_Quiescence
Slc6a1,1,12.043,M_Quiescence
Slc6a11,1,14.214,M_Quiescence
Slc6a17,1,18.071,M_Quiescence
Slc6a20a,1,11.93,M_Quiescence
Slc8a3,1,20.293,M_Quiescence
Slc8b1,1,9.759,M_Quiescence
Slc9a8,1,2.317,M_Quiescence
Slco5a1,1,13.703,M_Quiescence
Slfn2,1,1.642,M_Quiescence
Slfn9,1,7.759,M_Quiescence
Slfnl1,1,10.505,M_Quiescence
Slit2,1,16.862,M_Quiescence
Slx1b,1,9.212,M_Quiescence
Smad3,1,4.489,M_Quiescence
Smap1,1,9.361,M_Quiescence
Smap2,1,14.616,M_Quiescence
Smarcb1,1,12.036,M_Quiescence
Smarcc2,1,19.646,M_Quiescence
Smarcd2,1,14.517,M_Quiescence
Smarce1,1,4.042,M_Quiescence
Smc4,1,4.492,M_Quiescence
Smcr8,1,12.996,M_Quiescence
Smg8,1,1.982,M_Quiescence
Smim13,1,9.676,M_Quiescence
Smim19,1,2.807,M_Quiescence
Smim20,1,13.576,M_Quiescence
Smpdl3a,1,4.854,M_Quiescence
Smtn,1,11.089,M_Quiescence
Smtnl2,1,13.91,M_Quiescence
Smu1,1,13.384,M_Quiescence
Smyd5,1,6.969,M_Quiescence
Snapc1,1,1.391,M_Quiescence
Snapc2,1,6.807,M_Quiescence
Sned1,1,5.6,M_Quiescence
Snf8,1,6.037,M_Quiescence
Snord110,1,7.42,M_Quiescence
Snord73a,1,9.021,M_Quiescence
Snrpe,1,8.852,M_Quiescence
Snrpn,1,6.079,M_Quiescence
Sntb2,1,2.199,M_Quiescence
Snx16,1,13.001,M_Quiescence
Snx21,1,15.883,M_Quiescence
Snx22,1,13.881,M_Quiescence
Snx33,1,12.848,M_Quiescence
Snx8,1,3.04,M_Quiescence
Socs2,1,15.158,M_Quiescence
Sos2,1,9.111,M_Quiescence
Sost,1,9.601,M_Quiescence
Sox13,1,8.396,M_Quiescence
Sox18,1,20.242,M_Quiescence
Sp140,1,11.309,M_Quiescence
Sp2,1,2.37,M_Quiescence
Spag4,1,18.682,M_Quiescence
Spag6,1,17.831,M_Quiescence
Spata33,1,11.017,M_Quiescence
Spc24,1,15.426,M_Quiescence
Spdl1,1,13.657,M_Quiescence
Specc1,1,0.925,M_Quiescence
Spg21,1,14.423,M_Quiescence
Spg7,1,7.946,M_Quiescence
Sphk1,1,20.755,M_Quiescence
Spi1,1,10.584,M_Quiescence
Spic,1,18.467,M_Quiescence
Spint1,1,2.66,M_Quiescence
Spint2,1,17.222,M_Quiescence
Spns2,1,17.147,M_Quiescence
Spon1,1,25.526,M_Quiescence
Spopl,1,8.031,M_Quiescence
Spsb1,1,6.205,M_Quiescence
Spta1,1,12.793,M_Quiescence
Sptbn1,1,12.594,M_Quiescence
Srgap3,1,12.686,M_Quiescence
Srm,1,11.01,M_Quiescence
Srp54a,1,4.807,M_Quiescence
Srpk2,1,11.249,M_Quiescence
Srr,1,12.8,M_Quiescence
Srrt,1,16.37,M_Quiescence
Srsf1,1,12.427,M_Quiescence
Srsf10,1,8.682,M_Quiescence
Ss18l1,1,5.648,M_Quiescence
Ssb,1,11.706,M_Quiescence
Ssbp1,1,4.838,M_Quiescence
Ssbp3,1,8.001,M_Quiescence
Ssbp4,1,10.524,M_Quiescence
Ssh1,1,8.048,M_Quiescence
Sspo,1,10.28,M_Quiescence
Ssr3,1,4.212,M_Quiescence
Ssrp1,1,9.78,M_Quiescence
Ssx2ip,1,5.398,M_Quiescence
St3gal2,1,20.453,M_Quiescence
St3gal3,1,11.857,M_Quiescence
St6galnac2,1,12.769,M_Quiescence
St8sia1,1,12.339,M_Quiescence
St8sia4,1,11.741,M_Quiescence
Stab2,1,25.19,M_Quiescence
Stag1,1,5.646,M_Quiescence
Stag3,1,5.135,M_Quiescence
Stam,1,5.21,M_Quiescence
Stat6,1,9.458,M_Quiescence
Stau1,1,6.134,M_Quiescence
Steap2,1,23.916,M_Quiescence
Stk10,1,3.183,M_Quiescence
Stk35,1,10.617,M_Quiescence
Stk36,1,11.137,M_Quiescence
Stk4,1,8.83,M_Quiescence
Stmn3,1,7.184,M_Quiescence
Stpg2,1,18.331,M_Quiescence
Stra6,1,16.854,M_Quiescence
Strada,1,9.902,M_Quiescence
Strap,1,9.104,M_Quiescence
Strbp,1,16.157,M_Quiescence
Stx17,1,5.663,M_Quiescence
Stx4a,1,10.606,M_Quiescence
Stxbp4,1,20.778,M_Quiescence
Stxbp5,1,23.786,M_Quiescence
Stxbp6,1,15.348,M_Quiescence
Suco,1,8.168,M_Quiescence
Sugp2,1,8.724,M_Quiescence
Sulf2,1,10.165,M_Quiescence
Sult1a1,1,2.115,M_Quiescence
Sumo2,1,15.099,M_Quiescence
Sun1,1,5.32,M_Quiescence
Supt4a,1,14.256,M_Quiescence
Supt6,1,13.708,M_Quiescence
Surf6,1,5.827,M_Quiescence
Susd6,1,2.498,M_Quiescence
Suz12,1,11.308,M_Quiescence
Sv2a,1,2.112,M_Quiescence
Svep1,1,15.52,M_Quiescence
Svip,1,13.141,M_Quiescence
Swi5,1,2.291,M_Quiescence
Swt1,1,18.222,M_Quiescence
Syce1,1,12.878,M_Quiescence
Syde1,1,8.551,M_Quiescence
Sync,1,20.921,M_Quiescence
Syncrip,1,10.535,M_Quiescence
Syndig1,1,17.219,M_Quiescence
Syngr2,1,8.52,M_Quiescence
Syt17,1,14.129,M_Quiescence
Syt8,1,21.988,M_Quiescence
Taf10,1,7.042,M_Quiescence
Taf15,1,9.91,M_Quiescence
Taf1d,1,8.256,M_Quiescence
Tanc1,1,21.812,M_Quiescence
Taok1,1,5.369,M_Quiescence
Tarm1,1,17.717,M_Quiescence
Tatdn2,1,12.59,M_Quiescence
Tax1bp1,1,6.312,M_Quiescence
Tbc1d20,1,3.562,M_Quiescence
Tbc1d30,1,12.584,M_Quiescence
Tbc1d9b,1,4.189,M_Quiescence
Tbl1xr1,1,6.912,M_Quiescence
Tbl2,1,9.001,M_Quiescence
Tbpl1,1,5.667,M_Quiescence
Tbx15,1,17.182,M_Quiescence
Tbx19,1,13.547,M_Quiescence
Tbxas1,1,6.593,M_Quiescence
Tcaim,1,1.704,M_Quiescence
Tcam1,1,19.781,M_Quiescence
Tcea3,1,9.77,M_Quiescence
Tceanc2,1,2.06,M_Quiescence
Tcf24,1,9.004,M_Quiescence
Tcf7,1,8.358,M_Quiescence
Tcfl5,1,19.576,M_Quiescence
Tdrd7,1,10.381,M_Quiescence
Tead1,1,18.431,M_Quiescence
Tead2,1,17.292,M_Quiescence
Tecpr2,1,12.348,M_Quiescence
Tecrl,1,17.931,M_Quiescence
Tenm2,1,17.239,M_Quiescence
Terf1,1,11.729,M_Quiescence
Tesk2,1,8.79,M_Quiescence
Tet1,1,15.94,M_Quiescence
Tex264,1,7.791,M_Quiescence
Tex30,1,7.294,M_Quiescence
Tex9,1,19.975,M_Quiescence
Tfb2m,1,10.649,M_Quiescence
Tgfb1,1,13.905,M_Quiescence
Tgfb2,1,19.342,M_Quiescence
Tgfbi,1,1.725,M_Quiescence
Tgoln1,1,7.569,M_Quiescence
Thap3,1,7.378,M_Quiescence
Thbs1,1,3.041,M_Quiescence
Them7,1,14.352,M_Quiescence
Thsd7a,1,28.086,M_Quiescence
Thumpd3,1,11.818,M_Quiescence
Ticrr,1,18.987,M_Quiescence
Tie1,1,13.68,M_Quiescence
Tigar,1,2.523,M_Quiescence
Timd4,1,13.006,M_Quiescence
Timm9,1,7.812,M_Quiescence
Timp4,1,23.025,M_Quiescence
Tinagl1,1,16.208,M_Quiescence
Tjp1,1,26.511,M_Quiescence
Tldc2,1,15.007,M_Quiescence
Tle3,1,21.241,M_Quiescence
Tln1,1,25.813,M_Quiescence
Tln2,1,6.418,M_Quiescence
Tlr5,1,2.63,M_Quiescence
Tm2d3,1,8.199,M_Quiescence
Tma16,1,9.793,M_Quiescence
Tmc4,1,4.291,M_Quiescence
Tmcc2,1,9.84,M_Quiescence
Tmco1,1,16.312,M_Quiescence
Tmed4,1,17.208,M_Quiescence
Tmed9,1,11.468,M_Quiescence
Tmem102,1,8.79,M_Quiescence
Tmem106a,1,4.381,M_Quiescence
Tmem119,1,13.866,M_Quiescence
Tmem120a,1,11.818,M_Quiescence
Tmem126b,1,11.155,M_Quiescence
Tmem132b,1,19.432,M_Quiescence
Tmem132c,1,20.542,M_Quiescence
Tmem144,1,4.988,M_Quiescence
Tmem14a,1,6.475,M_Quiescence
Tmem176a,1,7.395,M_Quiescence
Tmem177,1,19.42,M_Quiescence
Tmem18,1,5.467,M_Quiescence
Tmem183a,1,1.727,M_Quiescence
Tmem184a,1,13.625,M_Quiescence
Tmem184c,1,3.525,M_Quiescence
Tmem198b,1,1.275,M_Quiescence
Tmem208,1,6.575,M_Quiescence
Tmem222,1,11.357,M_Quiescence
Tmem231,1,13.388,M_Quiescence
Tmem234,1,8.903,M_Quiescence
Tmem240,1,6.318,M_Quiescence
Tmem248,1,1.006,M_Quiescence
Tmem30a,1,6.34,M_Quiescence
Tmem33,1,12.341,M_Quiescence
Tmem59,1,24.595,M_Quiescence
Tmem62,1,2.238,M_Quiescence
Tmem63a,1,8.733,M_Quiescence
Tmem64,1,10.543,M_Quiescence
Tmem86a,1,4.956,M_Quiescence
Tmem87a,1,13.661,M_Quiescence
Tmem87b,1,7.891,M_Quiescence
Tmem89,1,14.238,M_Quiescence
Tmem91,1,17.66,M_Quiescence
Tmem95,1,9.914,M_Quiescence
Tmigd3,1,11.183,M_Quiescence
Tmod1,1,9.133,M_Quiescence
Tmppe,1,4.905,M_Quiescence
Tmsb10,1,12.197,M_Quiescence
Tmtc1,1,20.278,M_Quiescence
Tmx4,1,10.419,M_Quiescence
Tnfaip3,1,3.252,M_Quiescence
Tnfrsf1b,1,3.27,M_Quiescence
Tnfrsf23,1,6.672,M_Quiescence
Tnfsfm13,1,6.174,M_Quiescence
Tnnt1,1,3.542,M_Quiescence
Tnnt3,1,15.563,M_Quiescence
Tnrc6a,1,13.798,M_Quiescence
Tns4,1,11.45,M_Quiescence
Tom1l1,1,10.453,M_Quiescence
Tomm40l,1,2.165,M_Quiescence
Top2a,1,13.219,M_Quiescence
Tor4a,1,5.847,M_Quiescence
Tox,1,15.489,M_Quiescence
Tox3,1,15.223,M_Quiescence
Tpbgl,1,7.734,M_Quiescence
Tpi1,1,7.802,M_Quiescence
Tpm1,1,8.332,M_Quiescence
Tpst2,1,11.517,M_Quiescence
Tra2a,1,7.37,M_Quiescence
Trabd2b,1,16.924,M_Quiescence
Traf2,1,7.204,M_Quiescence
Traf3ip3,1,10.083,M_Quiescence
Trafd1,1,12.349,M_Quiescence
Traip,1,21.825,M_Quiescence
Trappc1,1,10.113,M_Quiescence
Trappc3,1,9.161,M_Quiescence
Trdmt1,1,10.653,M_Quiescence
Trdn,1,18.476,M_Quiescence
Trf,1,16.524,M_Quiescence
Trim12c,1,4.496,M_Quiescence
Trim2,1,16.653,M_Quiescence
Trim21,1,9.688,M_Quiescence
Trim3,1,12.379,M_Quiescence
Trim30a,1,2.841,M_Quiescence
Trim34b,1,15.355,M_Quiescence
Trim41,1,13.642,M_Quiescence
Trim59,1,8.974,M_Quiescence
Trim65,1,4.114,M_Quiescence
Trim71,1,17.82,M_Quiescence
Trmt10a,1,10.252,M_Quiescence
Trmt13,1,4.063,M_Quiescence
Trnau1ap,1,11.003,M_Quiescence
Trnp1,1,3.591,M_Quiescence
Trp53,1,5.351,M_Quiescence
Trp53bp1,1,9.943,M_Quiescence
Trp53i13,1,4.964,M_Quiescence
Trp53inp1,1,4.141,M_Quiescence
Trp53rka,1,6.946,M_Quiescence
Trpm1,1,14.242,M_Quiescence
Trpm2,1,7.93,M_Quiescence
Trpv2,1,2.633,M_Quiescence
Trub2,1,9.367,M_Quiescence
Tsn,1,7.648,M_Quiescence
Tspan1,1,13.859,M_Quiescence
Tspan10,1,26.802,M_Quiescence
Tspan3,1,24.722,M_Quiescence
Tspan4,1,3.312,M_Quiescence
Tspan5,1,9.06,M_Quiescence
Tspan9,1,6.56,M_Quiescence
Tsr1,1,2.377,M_Quiescence
Tstd2,1,10.294,M_Quiescence
Tstd3,1,7.142,M_Quiescence
Ttbk2,1,8.297,M_Quiescence
Ttc1,1,9.189,M_Quiescence
Ttc21b,1,13.311,M_Quiescence
Ttc23,1,15.497,M_Quiescence
Ttc32,3,0.0,M_Ttc32
Ttc39aos1,1,15.417,M_Quiescence
Ttf1,1,9.107,M_Quiescence
Tti2,1,9.704,M_Quiescence
Ttl,1,8.193,M_Quiescence
Ttll3,1,8.884,M_Quiescence
Ttll4,1,15.848,M_Quiescence
Ttn,1,19.019,M_Quiescence
Tuba8,1,14.618,M_Quiescence
Tubb2a,1,6.708,M_Quiescence
Tubg1,1,6.371,M_Quiescence
Tubg2,1,9.722,M_Quiescence
Tubgcp4,1,16.421,M_Quiescence
Tvp23b,1,13.965,M_Quiescence
Txk,1,15.857,M_Quiescence
Txn-ps1,1,10.688,M_Quiescence
Txndc12,1,11.882,M_Quiescence
Txnrd3,1,8.764,M_Quiescence
Uaca,1,19.265,M_Quiescence
Uap1,1,4.694,M_Quiescence
Uba2,1,10.797,M_Quiescence
Uba7,1,11.517,M_Quiescence
Ubap1l,1,14.789,M_Quiescence
Ubash3b,1,2.825,M_Quiescence
Ubb,1,12.05,M_Quiescence
Ube2b,1,5.459,M_Quiescence
Ube2c,1,10.954,M_Quiescence
Ube2d-ps,1,6.547,M_Quiescence
Ube2d3,1,5.539,M_Quiescence
Ube2e3,1,9.973,M_Quiescence
Ube2g1,1,15.12,M_Quiescence
Ube2g2,1,6.673,M_Quiescence
Ube2h,1,1.271,M_Quiescence
Ube2j2,1,2.369,M_Quiescence
Ube3b,1,8.393,M_Quiescence
Ubfd1,1,12.215,M_Quiescence
Ubn2,1,9.377,M_Quiescence
Ubp1,1,12.687,M_Quiescence
Ubtf,1,11.212,M_Quiescence
Ubxn11,1,13.607,M_Quiescence
Ubxn8,1,5.674,M_Quiescence
Uchl1,1,2.549,M_Quiescence
Uck2,1,12.285,M_Quiescence
Uckl1,1,5.201,M_Quiescence
Ucp2,1,4.443,M_Quiescence
Ufc1,1,2.855,M_Quiescence
Ufsp1,1,6.014,M_Quiescence
Uggt1,1,8.525,M_Quiescence
Ulk4,1,13.891,M_Quiescence
Unc119b,1,7.444,M_Quiescence
Unc13a,1,11.067,M_Quiescence
Unc13c,1,13.213,M_Quiescence
Unc5b,1,17.654,M_Quiescence
Unc80,1,18.449,M_Quiescence
Ung,1,10.96,M_Quiescence
Unk,1,8.3,M_Quiescence
Upp1,1,12.678,M_Quiescence
Uqcrc1,1,23.584,M_Quiescence
Use1,1,11.847,M_Quiescence
Usp1,1,9.0,M_Quiescence
Usp10,1,3.027,M_Quiescence
Usp13,1,12.937,M_Quiescence
Usp15,1,4.423,M_Quiescence
Usp20,1,15.452,M_Quiescence
Usp24,1,11.744,M_Quiescence
Usp31,1,12.975,M_Quiescence
Usp35,1,16.345,M_Quiescence
Usp40,1,17.965,M_Quiescence
Usp48,1,11.663,M_Quiescence
Usp5,1,2.889,M_Quiescence
Usp53,1,14.85,M_Quiescence
Uspl1,1,1.06,M_Quiescence
Utf1,1,1.295,M_Quiescence
Uvrag,1,15.307,M_Quiescence
Vamp1,1,6.986,M_Quiescence
Vangl1,1,19.373,M_Quiescence
Vasp,1,13.365,M_Quiescence
Vcam1,1,13.368,M_Quiescence
Vcpip1,1,4.952,M_Quiescence
Vgf,1,1.881,M_Quiescence
Vil1,1,22.54,M_Quiescence
Vim,1,1.918,M_Quiescence
Vmn1r70,1,9.014,M_Quiescence
Vmo1,1,17.306,M_Quiescence
Vps16,1,2.564,M_Quiescence
Vps33a,1,6.667,M_Quiescence
Vps37b,1,7.409,M_Quiescence
Vps45,1,7.522,M_Quiescence
Vps53,1,8.376,M_Quiescence
Vps72,1,7.883,M_Quiescence
Vrk1,1,9.821,M_Quiescence
Vsig10,1,14.994,M_Quiescence
Vsig2,1,11.733,M_Quiescence
Vstm2a,1,21.895,M_Quiescence
Vstm2l,1,10.44,M_Quiescence
Vwa3a,1,23.497,M_Quiescence
Vwc2,1,18.829,M_Quiescence
Wasf1,1,16.375,M_Quiescence
Wbp1,1,6.336,M_Quiescence
Wdpcp,1,10.8,M_Quiescence
Wdr26,1,17.135,M_Quiescence
Wdr37,1,1.407,M_Quiescence
Wdr45b,1,8.902,M_Quiescence
Wdr47,1,10.234,M_Quiescence
Wdr48,1,1.884,M_Quiescence
Wdr86,1,14.12,M_Quiescence
Wdr91,1,1.08,M_Quiescence
Wee2,1,21.446,M_Quiescence
Wfdc17,1,5.267,M_Quiescence
Wipf1,1,12.212,M_Quiescence
Wipf2,1,9.481,M_Quiescence
Wipi2,1,12.306,M_Quiescence
Wnk1,1,18.632,M_Quiescence
Wnk4,1,13.311,M_Quiescence
Wrap53,1,2.912,M_Quiescence
Xirp1,1,10.248,M_Quiescence
Xpo6,1,12.457,M_Quiescence
Xrcc5,1,6.96,M_Quiescence
Xylb,1,6.262,M_Quiescence
Yeats4,1,7.947,M_Quiescence
Yipf2,1,3.873,M_Quiescence
Yjefn3,1,8.776,M_Quiescence
Ypel2,1,3.925,M_Quiescence
Yrdc,1,6.305,M_Quiescence
Ythdc1,1,9.397,M_Quiescence
Ywhae,1,10.436,M_Quiescence
Ywhag,1,0.951,M_Quiescence
Zbed5,1,7.962,M_Quiescence
Zbp1,1,5.964,M_Quiescence
Zbtb2,1,1.152,M_Quiescence
Zbtb39,1,10.95,M_Quiescence
Zbtb42,1,0.8,M_Quiescence
Zbtb46,1,15.923,M_Quiescence
Zbtb5,1,15.273,M_Quiescence
Zbtb6,1,2.717,M_Quiescence
Zc3h14,1,8.181,M_Quiescence
Zc3h18,1,14.79,M_Quiescence
Zc3h4,1,10.525,M_Quiescence
Zc3hav1,1,4.7,M_Quiescence
Zcchc17,1,12.715,M_Quiescence
Zcwpw2,1,22.781,M_Quiescence
Zdbf2,1,15.328,M_Quiescence
Zdhhc22,1,1.844,M_Quiescence
Zfand2a,1,3.909,M_Quiescence
Zfc3h1,1,17.298,M_Quiescence
Zfp105,1,10.605,M_Quiescence
Zfp133-ps,1,21.256,M_Quiescence
Zfp141,1,12.993,M_Quiescence
Zfp180,1,0.807,M_Quiescence
Zfp217,1,12.591,M_Quiescence
Zfp235,1,12.578,M_Quiescence
Zfp281,1,5.782,M_Quiescence
Zfp282,1,7.697,M_Quiescence
Zfp292,1,14.078,M_Quiescence
Zfp319,1,6.955,M_Quiescence
Zfp322a,1,18.587,M_Quiescence
Zfp334,1,11.048,M_Quiescence
Zfp345,1,13.271,M_Quiescence
Zfp354b,1,8.443,M_Quiescence
Zfp362,1,12.572,M_Quiescence
Zfp37,1,13.611,M_Quiescence
Zfp382,1,21.657,M_Quiescence
Zfp384,1,15.195,M_Quiescence
Zfp39,1,9.484,M_Quiescence
Zfp408,1,4.327,M_Quiescence
Zfp418,1,18.097,M_Quiescence
Zfp422,1,7.895,M_Quiescence
Zfp423,1,18.619,M_Quiescence
Zfp426,1,4.899,M_Quiescence
Zfp428,1,10.23,M_Quiescence
Zfp456,1,1.183,M_Quiescence
Zfp473,1,15.626,M_Quiescence
Zfp513,1,11.001,M_Quiescence
Zfp575,1,12.576,M_Quiescence
Zfp59,1,6.926,M_Quiescence
Zfp593,1,3.808,M_Quiescence
Zfp595,1,2.684,M_Quiescence
Zfp600,1,22.452,M_Quiescence
Zfp609,1,12.336,M_Quiescence
Zfp646,1,12.003,M_Quiescence
Zfp653,1,7.792,M_Quiescence
Zfp661,1,1.252,M_Quiescence
Zfp667,1,15.257,M_Quiescence
Zfp687,1,4.431,M_Quiescence
Zfp712,1,8.562,M_Quiescence
Zfp715,1,10.12,M_Quiescence
Zfp750,1,14.941,M_Quiescence
Zfp764,1,8.677,M_Quiescence
Zfp768,1,5.047,M_Quiescence
Zfp770,1,5.518,M_Quiescence
Zfp771,1,7.25,M_Quiescence
Zfp772,1,13.115,M_Quiescence
Zfp775,1,11.683,M_Quiescence
Zfp78,1,13.147,M_Quiescence
Zfp790,1,7.819,M_Quiescence
Zfp800,1,4.368,M_Quiescence
Zfp866,1,12.216,M_Quiescence
Zfp867,1,18.461,M_Quiescence
Zfp87,1,5.983,M_Quiescence
Zfp872,1,13.697,M_Quiescence
Zfp874b,1,2.143,M_Quiescence
Zfp879,1,9.689,M_Quiescence
Zfp94,1,9.052,M_Quiescence
Zfp940,1,9.015,M_Quiescence
Zfp953,1,3.899,M_Quiescence
Zfp961,1,11.17,M_Quiescence
Zfp964,1,11.101,M_Quiescence
Zfpm1,1,13.173,M_Quiescence
Zfyve21,1,12.445,M_Quiescence
Zfyve28,1,8.948,M_Quiescence
Zik1,1,19.063,M_Quiescence
Zkscan14,1,13.94,M_Quiescence
Zkscan17,1,2.62,M_Quiescence
Zkscan7,1,5.636,M_Quiescence
Zmynd10,1,3.673,M_Quiescence
Zmynd11,1,16.412,M_Quiescence
Zmynd15,1,5.669,M_Quiescence
Znhit6,1,6.025,M_Quiescence
Znrf2,1,17.209,M_Quiescence
Zranb2,1,3.944,M_Quiescence
Zscan12,1,2.551,M_Quiescence
Zscan21,1,10.595,M_Quiescence
Zscan26,1,2.627,M_Quiescence
Zzef1,1,14.275,M_Quiescence
n-R5s162,1,3.579,M_Quiescence
n-R5s197,1,3.886,M_Quiescence
n-R5s204,1,9.277,M_Quiescence
