gene_symbol,n_cohorts,cohorts_detected,meta_log2fc,meta_se,ci_lower,ci_upper,cochran_q,i2_heterogeneity,p_random_effects,fisher_stat,p_fisher,stouffer_z,p_stouffer,direction_concordance,fdr_random_effects,fdr_fisher,fdr_stouffer,significance_flag
Il6,3,GSE107925;GSE108045;GSE266602,0.7937,0.1309,0.5372,1.0503,4.891,59.1,1.3289291889151402e-09,124.405,0.0,10.272,0.0,Concordant Up,5.2646040945484396e-09,0.0,0.0,True
Ffar2,3,GSE107925;GSE108045;GSE266602,-1.4073,0.1063,-1.6158,-1.1989,2.605,23.2,0.0,191.246,0.0,-13.258,0.0,Concordant Down,0.0,0.0,0.0,True
Fcrls,3,GSE107925;GSE108045;GSE266602,-0.8569,0.0836,-1.0207,-0.6931,1.151,0.0,0.0,118.107,0.0,-10.248,0.0,Concordant Down,0.0,0.0,0.0,True
Cxcl10,3,GSE107925;GSE108045;GSE266602,1.389,0.0868,1.2188,1.5591,0.578,0.0,0.0,183.58,0.0,13.008,0.0,Concordant Up,0.0,0.0,0.0,True
Icam1,3,GSE107925;GSE108045;GSE266602,0.81,0.0873,0.6389,0.9811,0.255,0.0,0.0,97.762,0.0,9.112,0.0,Concordant Up,0.0,0.0,0.0,True
Il1b,3,GSE107925;GSE108045;GSE266602,0.8455,0.0897,0.6696,1.0213,1.092,0.0,0.0,101.235,0.0,9.414,0.0,Concordant Up,0.0,0.0,0.0,True
Irf1,3,GSE107925;GSE108045;GSE266602,1.0706,0.0902,0.8938,1.2474,1.79,0.0,0.0,155.286,0.0,11.869,0.0,Concordant Up,0.0,0.0,0.0,True
Irf7,3,GSE107925;GSE108045;GSE266602,0.8358,0.0894,0.6605,1.011,1.422,0.0,0.0,100.316,0.0,9.412,0.0,Concordant Up,0.0,0.0,0.0,True
Mertk,3,GSE107925;GSE108045;GSE266602,-0.9475,0.1632,-1.2674,-0.6276,4.252,53.0,6.439321742490733e-09,92.93,0.0,-8.872,0.0,Concordant Down,2.4564819980612796e-08,0.0,0.0,True
Hcar2,3,GSE107925;GSE108045;GSE266602,-1.076,0.0949,-1.2619,-0.89,1.381,0.0,0.0,142.656,0.0,-11.401,0.0,Concordant Down,0.0,0.0,0.0,True
P2ry12,3,GSE107925;GSE108045;GSE266602,-1.0794,0.0827,-1.2415,-0.9172,1.032,0.0,0.0,161.178,0.0,-12.156,0.0,Concordant Down,0.0,0.0,0.0,True
Nos2,3,GSE107925;GSE108045;GSE266602,1.1158,0.0827,0.9538,1.2779,0.248,0.0,0.0,172.293,0.0,12.595,0.0,Concordant Up,0.0,0.0,0.0,True
Ccl2,3,GSE107925;GSE108045;GSE266602,1.235,0.2458,0.7532,1.7168,12.011,83.3,5.068770401184253e-07,137.482,0.0,11.06,0.0,Concordant Up,1.6315104728811811e-06,0.0,0.0,True
Apoe,3,GSE107925;GSE108045;GSE266602,0.6892,0.1408,0.4133,0.9652,5.989,66.6,9.840427164231611e-07,98.427,0.0,9.124,0.0,Concordant Up,3.071406054290473e-06,0.0,0.0,True
Tnf,3,GSE107925;GSE108045;GSE266602,1.133,0.0804,0.9754,1.2905,0.551,0.0,0.0,164.381,0.0,12.262,0.0,Concordant Up,0.0,0.0,0.0,True
Tmem119,3,GSE107925;GSE108045;GSE266602,-0.9223,0.083,-1.085,-0.7595,1.512,0.0,0.0,131.237,0.0,-10.719,0.0,Concordant Down,0.0,0.0,0.0,True
Ccl4,3,GSE107925;GSE108045;GSE266602,0.9035,0.0819,0.743,1.064,0.361,0.0,0.0,134.327,0.0,10.991,0.0,Concordant Up,0.0,0.0,0.0,True
Ccl3,3,GSE107925;GSE108045;GSE266602,0.9,0.1703,0.5661,1.2339,7.455,73.2,1.268296654366452e-07,131.381,0.0,10.639,0.0,Concordant Up,4.42472503666321e-07,0.0,0.0,True
Ffar3,3,GSE107925;GSE108045;GSE266602,-1.1876,0.1136,-1.4102,-0.9651,2.978,32.8,0.0,159.333,0.0,-12.067,0.0,Concordant Down,0.0,0.0,0.0,True
Stat1,3,GSE107925;GSE108045;GSE266602,0.8893,0.0889,0.7151,1.0635,1.587,0.0,0.0,113.518,0.0,10.041,0.0,Concordant Up,0.0,0.0,0.0,True
Nfkb1,3,GSE107925;GSE108045;GSE266602,0.6985,0.0859,0.5301,0.8668,2.127,6.0,4.440892098500626e-16,85.164,3.3306690738754696e-16,8.225,2.220446049250313e-16,Concordant Up,2.690658153797438e-15,1.6336138790913017e-15,9.94373665533836e-16,True
Tlr4,3,GSE107925;GSE108045;GSE266602,0.6482,0.1038,0.4449,0.8516,3.33,39.9,4.16365386612938e-10,82.741,9.992007221626409e-16,8.317,0.0,Concordant Up,1.9493470373242102e-09,4.678076108306909e-15,0.0,True
Cx3cr1,3,GSE107925;GSE108045;GSE266602,-0.7675,0.0914,-0.9466,-0.5884,0.029,0.0,0.0,81.622,1.6653345369377348e-15,-8.372,0.0,Concordant Down,0.0,7.457802491503771e-15,0.0,True
Nfkbia,3,GSE107925;GSE108045;GSE266602,0.7198,0.0915,0.5406,0.8991,0.744,0.0,3.552713678800501e-15,72.874,1.0502709812953981e-13,7.769,7.993605777301127e-15,Concordant Up,2.0329417162025092e-14,4.50741296139275e-13,3.4305891460917343e-14,True
Ccl5,3,GSE107925;GSE108045;GSE266602,0.7308,0.0938,0.547,0.9147,1.013,0.0,6.661338147750939e-15,72.387,1.3233858453531866e-13,7.743,9.769962616701378e-15,Concordant Up,3.6111464695702464e-14,5.452349682855129e-13,4.025224598080968e-14,True
Rela,3,GSE107925;GSE108045;GSE266602,0.5767,0.1135,0.3541,0.7993,3.406,41.3,3.796160674696125e-07,56.035,2.8641311544674863e-10,6.468,9.915868126597616e-11,Concordant Up,1.2613049983667771e-06,1.1346365727313503e-09,3.6476229179984085e-10,True
Cd68,3,GSE107925;GSE108045;GSE266602,0.6476,0.0976,0.4563,0.8389,1.465,0.0,3.2444269493225875e-11,54.824,5.031155492218885e-10,6.658,2.7786439815713493e-11,Concordant Up,1.6708798789011326e-10,1.9192926507353527e-09,1.1007705003917268e-10,True
Trem2,3,GSE107925;GSE108045;GSE266602,0.6178,0.0941,0.4333,0.8023,0.33,0.0,5.2276849515919815e-11,52.992,1.1777240294108535e-09,6.575,4.8581361156152525e-11,Concordant Up,2.5640550000665437e-10,4.332341965332784e-09,1.8532889626235962e-10,True
Axl,3,GSE107925;GSE108045;GSE266602,0.5029,0.0811,0.344,0.6617,0.815,0.0,5.529372515411524e-10,48.712,8.512169524799162e-09,6.246,4.208327020194247e-10,Concordant Up,2.476197256901682e-09,3.0232877967390136e-08,1.494681665793129e-09,True
Csf1r,3,GSE107925;GSE108045;GSE266602,-0.4821,0.117,-0.7115,-0.2526,4.209,52.5,3.814916180178152e-05,47.708,1.351199829802141e-08,-5.931,3.014503313636396e-09,Concordant Down,0.0001122675333023,4.6391194156540176e-08,9.70293254076715e-09,False
Tyrobp,3,GSE107925;GSE108045;GSE266602,0.5477,0.0898,0.3717,0.7237,0.556,0.0,1.0647291937004866e-09,46.959,1.9069358758727617e-08,6.142,8.142995167048638e-10,Concordant Up,4.569462789631255e-09,6.335948232738532e-08,2.795761674020032e-09,True
Myd88,3,GSE107925;GSE108045;GSE266602,0.547,0.0901,0.3704,0.7235,0.641,0.0,1.253600778738928e-09,46.742,2.1068046418548647e-08,6.07,1.2787226832955412e-09,Concordant Up,5.164835208404384e-09,6.781277440970347e-08,4.248659238046475e-09,True
Hdac1,3,GSE107925;GSE108045;GSE266602,0.5021,0.0911,0.3234,0.6807,2.046,2.3,3.6020245230972137e-08,41.612,2.1931682947506914e-07,5.558,2.7316360950990773e-08,Concordant Up,1.3250304495679037e-07,6.845343465433976e-07,8.526015690763787e-08,True
Hdac2,3,GSE107925;GSE108045;GSE266602,0.399,0.1011,0.2009,0.5971,3.331,40.0,7.896224388592721e-05,41.463,2.3464953091689722e-07,5.386,7.220672593177825e-08,Concordant Up,0.0002259197533402,7.108500495423652e-07,2.1874390502862234e-07,False
Lamp1,3,GSE107925;GSE108045;GSE266602,0.4278,0.081,0.269,0.5866,0.494,0.0,1.288754865047537e-07,36.66,2.0508524402051975e-06,5.294,1.1984216397031844e-07,Concordant Up,4.42472503666321e-07,6.035365752603867e-06,3.526783682555086e-07,False
BgGene34,3,GSE107925;GSE108045;GSE266602,-0.3894,0.127,-0.6383,-0.1406,4.575,56.3,0.0021578384258258,31.35,2.1732010107800015e-05,-4.488,7.17872071809289e-06,Concordant Down,0.0051687757641874,6.21776955862056e-05,1.9984006323339663e-05,False
Stat3,3,GSE107925;GSE108045;GSE266602,0.3706,0.1227,0.1302,0.611,3.878,48.4,0.0025155215703978,30.585,3.0422474599278715e-05,4.541,5.587183048216815e-06,Concordant Up,0.0058886073125221,8.468959145204615e-05,1.5985551499064776e-05,False
BgGene8,3,GSE107925;GSE108045;GSE266602,-0.2962,0.0718,-0.4369,-0.1554,0.218,0.0,3.732651762611283e-05,24.308,0.0004583877108859,-4.08,4.507607577286521e-05,Concordant Down,0.0001122675333023,0.0012424719531907,0.0001221798895948,False
BgGene58,3,GSE107925;GSE108045;GSE266602,-0.2825,0.0736,-0.4268,-0.1381,0.183,0.0,0.0001248935947681,21.493,0.0014955375213776,-3.797,0.0001462276911068,Concordant Down,0.0003476767638141,0.0039497529410743,0.0003861910816411,False
Hdac3,3,GSE107925;GSE108045;GSE266602,0.299,0.0963,0.1103,0.4877,2.462,18.8,0.0018937379715109,21.023,0.0018173028689428,3.516,0.0004380488114297,Concordant Up,0.0046441669301339,0.0046795548875279,0.0011279756894315,False
BgGene14,3,GSE107925;GSE108045;GSE266602,-0.2445,0.1971,-0.6309,0.1419,10.646,81.2,0.214873178645627,20.205,0.0025457235959124,-2.168,0.0301830979258992,Mixed,0.2954948589958873,0.0063953543994873,0.051814318106127,False
BgGene53,3,GSE107925;GSE108045;GSE266602,-0.3035,0.0895,-0.4789,-0.128,1.848,0.0,0.0006974908116836,19.401,0.0035366876429875,-3.39,0.0006979444868822,Concordant Down,0.0018420911180364,0.0086733054101837,0.0017116257654492,False
BgGene17,3,GSE107925;GSE108045;GSE266602,-0.3224,0.0925,-0.5038,-0.1411,0.71,0.0,0.0004912119073225,19.261,0.0037454494910349,-3.458,0.000544071223633,Concordant Down,0.001331442801427,0.0089716580831767,0.001366813074005,False
BgGene19,3,GSE107925;GSE108045;GSE266602,-0.2627,0.0794,-0.4184,-0.1071,0.858,0.0,0.000935090683918,18.213,0.0057211214893639,-3.281,0.0010349753737237,Concordant Down,0.002407858511089,0.0133926253046475,0.0024791270579894,False
BgGene45,3,GSE107925;GSE108045;GSE266602,-0.2898,0.1305,-0.5455,-0.034,3.58,44.1,0.0263843408996997,17.151,0.0087443294570699,-2.839,0.0045280114044343,Concordant Down,0.0498237885898144,0.0200147985350711,0.0101388081447117,False
Ubc,3,GSE107925;GSE108045;GSE266602,-0.251,0.0794,-0.4066,-0.0954,0.786,0.0,0.001568692694305,16.877,0.0097455898559962,-3.176,0.0014954984716448,Concordant Down,0.0039408621344736,0.0218216468514699,0.0035008259677141,False
BgGene51,3,GSE107925;GSE108045;GSE266602,-0.2547,0.1316,-0.5126,0.0032,3.979,49.7,0.0528888061208734,15.653,0.0157417629138549,-2.696,0.0070210875467622,Concordant Down,0.0907924505074993,0.0344979059601502,0.0153866386663087,False
BgGene56,3,GSE107925;GSE108045;GSE266602,-0.008,0.2038,-0.4075,0.3915,9.481,78.9,0.9688201345074688,14.625,0.023383251415078,-0.16,0.8726020676903268,Mixed,0.9688201345074688,0.0498691204142138,0.907858716889936,False
BgGene6,3,GSE107925;GSE108045;GSE266602,-0.2182,0.1252,-0.4635,0.0272,3.867,48.3,0.0813955526353089,14.587,0.0237241446630726,-2.641,0.0082546886404624,Concordant Down,0.1309959675224503,0.0498691204142138,0.0175231420793221,False
BgGene10,3,GSE107925;GSE108045;GSE266602,-0.2381,0.0819,-0.3987,-0.0775,0.033,0.0,0.0036621138854471,14.106,0.0284745313524643,-2.898,0.0037521690104223,Concordant Down,0.0083821717822456,0.0586575345860765,0.0085882979571888,False
BgGene4,3,GSE107925;GSE108045;GSE266602,-0.2047,0.1081,-0.4165,0.0071,2.794,28.4,0.0581874312476984,13.251,0.0392127698042994,-2.353,0.0186121735562712,Mixed,0.096666216427628,0.0791944174478988,0.0355009977091839,False
BgGene21,3,GSE107925;GSE108045;GSE266602,-0.082,0.1414,-0.359,0.1951,5.101,60.8,0.5621321034120219,13.175,0.0403361174053499,-1.442,0.1493914282403956,Mixed,0.6433289627937584,0.0798965402452123,0.2079367176859561,False
BgGene26,3,GSE107925;GSE108045;GSE266602,-0.209,0.0836,-0.3728,-0.0451,1.731,0.0,0.0124370419094965,13.036,0.042468786097517,-2.628,0.0085900833453675,Concordant Down,0.0261431697281254,0.0825336786423444,0.0176955716914572,False
Hexb,3,GSE107925;GSE108045;GSE266602,-0.2465,0.0956,-0.4338,-0.0592,1.689,0.0,0.0098963518470143,12.961,0.0436614064995414,-2.638,0.0083362520571532,Concordant Down,0.021687749792393,0.0832800901750512,0.0175231420793221,False
BgGene42,3,GSE107925;GSE108045;GSE266602,-0.2036,0.0801,-0.3606,-0.0466,0.856,0.0,0.0110284044524961,12.68,0.0484052854580681,-2.538,0.0111420312430565,Concordant Down,0.023665117887648,0.0906498982214729,0.0220697926545159,False
BgGene11,3,GSE107925;GSE108045;GSE266602,-0.2339,0.095,-0.4201,-0.0477,1.229,0.0,0.0138265511348423,12.241,0.0567994814017099,-2.445,0.0144706061906627,Concordant Down,0.0284826953377751,0.1026376593750197,0.0281221214648729,False
BgGene60,3,GSE107925;GSE108045;GSE266602,-0.2267,0.086,-0.3953,-0.0582,0.639,0.0,0.0083672217611074,12.276,0.0560791227832941,-2.55,0.0107713803153439,Concordant Down,0.0187353008998711,0.1026376593750197,0.0217539641662829,False
BgGene13,3,GSE107925;GSE108045;GSE266602,-0.025,0.1706,-0.3595,0.3094,7.256,72.4,0.8834443866930397,12.025,0.061420833781259,-0.387,0.6990179599397022,Mixed,0.929583565242852,0.1090749289563738,0.7578826302504139,False
BgGene43,3,GSE107925;GSE108045;GSE266602,-0.1999,0.0902,-0.3766,-0.0232,1.66,0.0,0.0266049356547553,11.445,0.0755626513398228,-2.312,0.0207967932614865,Concordant Down,0.0498237885898144,0.1319144591186738,0.0387310447772968,False
BgGene57,3,GSE107925;GSE108045;GSE266602,-0.1981,0.0882,-0.371,-0.0252,1.858,0.0,0.0247570256746352,11.089,0.0856616682903449,-2.301,0.0214010819157228,Mixed,0.0481127102733477,0.1470525305650921,0.0387310447772968,False
BgGene39,3,GSE107925;GSE108045;GSE266602,-0.142,0.129,-0.3949,0.111,3.805,47.4,0.2712399975349551,10.831,0.093737882111321,-1.51,0.1310849008191532,Mixed,0.3628275291701347,0.1582787189748535,0.1849554080051066,False
BgGene46,3,GSE107925;GSE108045;GSE266602,-0.2065,0.0935,-0.3898,-0.0232,1.605,0.0,0.0272357149286022,10.553,0.1032115300841891,-2.233,0.0255307351216043,Mixed,0.0500942613865362,0.1710618842992075,0.0453390640952628,False
BgGene30,3,GSE107925;GSE108045;GSE266602,-0.214,0.0901,-0.3906,-0.0374,0.354,0.0,0.0175358113431782,10.513,0.1046300845713599,-2.3,0.0214336849738439,Concordant Down,0.035415462124458,0.1710618842992075,0.0387310447772968,False
BgGene54,3,GSE107925;GSE108045;GSE266602,-0.161,0.0972,-0.3516,0.0296,2.432,17.7,0.097816252517797,9.776,0.1343878284771769,-1.869,0.0616579698742336,Mixed,0.1526526365050468,0.2162645962696086,0.0977041676468625,False
BgGene29,3,GSE107925;GSE108045;GSE266602,-0.1236,0.1157,-0.3505,0.1032,3.919,49.0,0.2854298136299644,9.69,0.1383483133496293,-1.528,0.1265681604528825,Mixed,0.3710542752415937,0.2162645962696086,0.1810627850923181,False
BgGene9,3,GSE107925;GSE108045;GSE266602,-0.1769,0.0782,-0.3302,-0.0236,0.402,0.0,0.0237083018743962,9.685,0.1385773141145064,-2.195,0.0281584553427969,Concordant Down,0.0469606748665924,0.2162645962696086,0.0491579813611539,False
Actb,3,GSE107925;GSE108045;GSE266602,-0.1454,0.0911,-0.324,0.0332,2.571,22.2,0.1106276913044879,9.592,0.1429384036612346,-1.76,0.0783499675300467,Concordant Down,0.1651398870197428,0.2165096408398113,0.1204484575461912,False
BgGene5,3,GSE107925;GSE108045;GSE266602,-0.1601,0.0793,-0.3156,-0.0047,1.152,0.0,0.0435222787164564,9.635,0.1408768219910168,-2.066,0.0388751216800078,Concordant Down,0.0759795713185595,0.2165096408398113,0.0635577386196953,False
BgGene33,3,GSE107925;GSE108045;GSE266602,-0.0643,0.1492,-0.3567,0.228,5.109,60.9,0.6661875477295007,9.519,0.1464332443099827,-0.963,0.3355962914697654,Mixed,0.7458404066971585,0.2185887559989597,0.4027725154162038,False
BgGene36,3,GSE107925;GSE108045;GSE266602,-0.111,0.1142,-0.3349,0.1129,3.478,42.5,0.3311680841785411,9.324,0.1561623093522497,-1.19,0.2341762908323119,Mixed,0.4159794228096309,0.2297816837611674,0.3015019744466016,False
Rpl13a,3,GSE107925;GSE108045;GSE266602,-0.1901,0.0882,-0.363,-0.0171,0.271,0.0,0.0312379676518461,9.212,0.1620108162374989,-2.103,0.0354877077999717,Concordant Down,0.0564475555814062,0.2350297756684843,0.0599218672688048,False
BgGene7,3,GSE107925;GSE108045;GSE266602,-0.1716,0.0832,-0.3348,-0.0085,0.848,0.0,0.0391552120054727,9.135,0.1661316477830379,-2.067,0.0387618339961575,Concordant Down,0.0695342558028223,0.2361662552272225,0.0635577386196953,False
BgGene32,3,GSE107925;GSE108045;GSE266602,-0.0148,0.1413,-0.2917,0.262,4.825,58.5,0.9165243313771084,9.112,0.1673799672969635,-0.507,0.6118290622373088,Mixed,0.9440200613184216,0.2361662552272225,0.6776171334456216,False
BgGene1,3,GSE107925;GSE108045;GSE266602,-0.0945,0.1274,-0.3443,0.1552,3.764,46.9,0.4580985403521871,8.822,0.1838440436827667,-1.089,0.2760795380719529,Mixed,0.5423465477732791,0.2558910337746618,0.3467828344074531,False
Hprt,3,GSE107925;GSE108045;GSE266602,-0.1431,0.1043,-0.3475,0.0613,2.709,26.2,0.1700306440417001,8.755,0.1878135836221044,-1.607,0.1079449185451915,Mixed,0.2501879476613587,0.2579306548410234,0.1588332372879246,False
BgGene52,3,GSE107925;GSE108045;GSE266602,-0.1631,0.0855,-0.3306,0.0044,0.868,0.0,0.0563114137326099,8.14,0.2280344844887398,-1.917,0.0551784947155,Concordant Down,0.0950832067944069,0.309046735557108,0.0888028899327579,False
BgGene16,3,GSE107925;GSE108045;GSE266602,-0.1095,0.1031,-0.3115,0.0925,2.626,23.8,0.2881974953332766,7.752,0.2568513204328694,-1.266,0.2056907065058371,Mixed,0.3710542752415937,0.3435803377218902,0.2751447113000158,False
BgGene59,3,GSE107925;GSE108045;GSE266602,-0.1522,0.085,-0.3189,0.0144,0.509,0.0,0.0734043712660221,7.7,0.2609536891200815,-1.798,0.072139749124541,Concordant Down,0.1200103212761949,0.3445926920431846,0.1125817296943594,False
BgGene27,3,GSE107925;GSE108045;GSE266602,-0.0338,0.1121,-0.2535,0.1859,3.435,41.8,0.7629423418707102,7.552,0.2728179010623386,-0.356,0.7218210990516145,Mixed,0.8359900129008846,0.3556992887268465,0.7744538875241281,False
BgGene18,3,GSE107925;GSE108045;GSE266602,0.0201,0.1105,-0.1965,0.2367,3.399,41.2,0.8557161725987414,6.957,0.3248631783616229,0.058,0.9538411469932676,Mixed,0.9181121435173996,0.4182613421405895,0.9590257218631036,False
BgGene24,3,GSE107925;GSE108045;GSE266602,-0.1435,0.0863,-0.3127,0.0257,0.192,0.0,0.0963803833324188,6.801,0.3396745159484737,-1.687,0.091672941624235,Concordant Down,0.1526526365050468,0.4319317918850962,0.1388575439308265,False
BgGene28,3,GSE107925;GSE108045;GSE266602,-0.1648,0.1002,-0.3613,0.0316,0.121,0.0,0.1000682275577033,6.602,0.3592308272602951,-1.659,0.0971874795796976,Concordant Down,0.1538362304245291,0.4512289659489072,0.1450769622711428,False
BgGene50,3,GSE107925;GSE108045;GSE266602,-0.0434,0.116,-0.2708,0.184,3.005,33.4,0.7085708401128923,6.508,0.3687472899120934,-0.531,0.595451245228724,Mixed,0.7847612530282572,0.4576020585656098,0.6666465028104193,False
BgGene15,3,GSE107925;GSE108045;GSE266602,-0.1173,0.0928,-0.2992,0.0645,1.769,0.0,0.205999466772651,6.464,0.3732547258331085,-1.104,0.2695498226549817,Mixed,0.2946936816330979,0.4576813900096449,0.3427608855983101,False
BgGene35,3,GSE107925;GSE108045;GSE266602,-0.1074,0.0792,-0.2626,0.0478,1.379,0.0,0.1749049548982633,6.412,0.3786360486355895,-1.287,0.1980993391440786,Mixed,0.2537353571059312,0.4588178001113614,0.2684767359452644,False
BgGene40,3,GSE107925;GSE108045;GSE266602,-0.1019,0.086,-0.2706,0.0667,2.14,6.5,0.2360906978746115,6.241,0.3967551652379508,-1.198,0.2310582696956027,Mixed,0.3199650247511183,0.475183511854755,0.301253187071482,False
Gapdh,3,GSE107925;GSE108045;GSE266602,-0.1251,0.0783,-0.2786,0.0284,0.024,0.0,0.1102645697824349,6.197,0.4014978801853615,-1.594,0.1109860073829522,Concordant Down,0.1651398870197428,0.4753365707941636,0.1610078698654096,False
BgGene31,3,GSE107925;GSE108045;GSE266602,-0.0941,0.0872,-0.2649,0.0767,1.69,0.0,0.280373024792675,5.916,0.4326235804226988,-1.047,0.2951342186729269,Mixed,0.3702361737646862,0.5063662361765678,0.3662508978712225,False
BgGene48,3,GSE107925;GSE108045;GSE266602,-0.106,0.085,-0.2727,0.0607,1.712,0.0,0.2125190855874232,5.748,0.4519983452454911,-1.306,0.1916448675604694,Concordant Down,0.2954948589958873,0.5230992085425347,0.2631922847830446,False
BgGene44,3,GSE107925;GSE108045;GSE266602,-0.1091,0.088,-0.2815,0.0634,0.077,0.0,0.2151661594630247,4.611,0.5945209294333125,-1.25,0.2112498032248178,Concordant Down,0.2954948589958873,0.6803961747959021,0.2789580734891825,False
BgGene2,3,GSE107925;GSE108045;GSE266602,-0.0054,0.0751,-0.1526,0.1418,2.014,0.7,0.9429516616763012,4.557,0.6016838417353225,-0.193,0.8470773193024774,Mixed,0.9524690622469966,0.6810267659202003,0.8902955498791344,False
BgGene22,3,GSE107925;GSE108045;GSE266602,-0.0129,0.0886,-0.1864,0.1607,1.52,0.0,0.884458149454364,4.42,0.619992027616941,-0.255,0.7989794491765287,Mixed,0.929583565242852,0.6866578370381176,0.848400858403943,False
BgGene25,3,GSE107925;GSE108045;GSE266602,-0.0505,0.0976,-0.2419,0.1409,1.626,0.0,0.6049284630578511,4.433,0.6182958133212404,-0.485,0.6273910515277517,Mixed,0.6846992493951501,0.6866578370381176,0.6874604075250896,False
BgGene23,3,GSE107925;GSE108045;GSE266602,-0.0095,0.0831,-0.1723,0.1533,1.519,0.0,0.9090002593180856,4.315,0.6341633553778421,-0.051,0.9590257218631036,Mixed,0.9440200613184216,0.6948811234459333,0.9590257218631036,False
BgGene37,3,GSE107925;GSE108045;GSE266602,-0.0822,0.0856,-0.2499,0.0856,0.199,0.0,0.3369366376091591,3.54,0.7386024630171095,-0.985,0.3244177213321539,Concordant Down,0.4181261888402818,0.7773580152512092,0.397797920204903,False
BgGene38,3,GSE107925;GSE108045;GSE266602,-0.0641,0.0811,-0.2231,0.0949,0.667,0.0,0.4295661367425099,3.553,0.7369172142958109,-0.749,0.4540140619076784,Mixed,0.5169546299200096,0.7773580152512092,0.5254320042302346,False
BgGene12,3,GSE107925;GSE108045;GSE266602,-0.084,0.0859,-0.2523,0.0843,0.134,0.0,0.3278193377892169,3.533,0.7396221892681407,-0.962,0.336295498308675,Concordant Down,0.4159794228096309,0.7773580152512092,0.4027725154162038,False
BgGene49,3,GSE107925;GSE108045;GSE266602,-0.0636,0.0903,-0.2407,0.1134,0.963,0.0,0.481218441697901,3.572,0.734421027693525,-0.622,0.5338891667782166,Mixed,0.5632443124418615,0.7773580152512092,0.6042921338258935,False
BgGene55,3,GSE107925;GSE108045;GSE266602,-0.0704,0.0867,-0.2403,0.0995,0.662,0.0,0.4170063745268937,3.431,0.753170075891701,-0.792,0.4284596671096925,Concordant Down,0.5113292449555958,0.7836011900691435,0.501492564912481,False
BgGene41,3,GSE107925;GSE108045;GSE266602,0.0222,0.0844,-0.1433,0.1877,0.958,0.0,0.7925702661200131,3.297,0.7707189573992997,0.119,0.9052027969034177,Mixed,0.8593130253722248,0.7938405261212788,0.93235888081052,False
BgGene3,3,GSE107925;GSE108045;GSE266602,-0.0642,0.0817,-0.2243,0.0958,0.397,0.0,0.4316320210982605,2.972,0.8123172199769586,-0.874,0.3819716707118128,Concordant Down,0.5169546299200096,0.8284027094814529,0.4522193342909968,False
BgGene20,3,GSE107925;GSE108045;GSE266602,-0.0604,0.0933,-0.2434,0.1225,0.447,0.0,0.5173622227890844,2.78,0.8358952794546187,-0.661,0.508884445861987,Mixed,0.5987450443514123,0.8440903312139777,0.5823899769309407,False
BgGene47,3,GSE107925;GSE108045;GSE266602,0.0065,0.0915,-0.1728,0.1858,0.444,0.0,0.9432217897979966,1.905,0.9282092086848104,0.078,0.9374539262688866,Mixed,0.9524690622469966,0.9282092086848104,0.956017370353419,False
