sample_id,cohort,condition,prop_Homeostatic Mature,sig_Homeostatic Mature,prop_Interferon-Responsive (IRM),sig_Interferon-Responsive (IRM),prop_Phagocytic / DAM,sig_Phagocytic / DAM,prop_Cycling / Proliferating,sig_Cycling / Proliferating,prop_Border-Associated Macrophages (BAMs),sig_Border-Associated Macrophages (BAMs),imputed_homeo_Oas1a,imputed_homeo_Stat1,imputed_homeo_Gbp2,imputed_homeo_Irf1,isg_raw_score,lineage_pan_score,isg_to_lineage_ratio
A2M_GF_Male_RHM5558,GSE107925,perturbed,0.4651,12.2049,0.146,5.1831,0.2865,8.7663,0.0663,3.5897,0.0361,2.5961,1.6922,2.6081,1.9059,3.2911,4.4483,12.9718,0.3429
A2M_GF_Male_RHM5559,GSE107925,perturbed,0.4533,12.0942,0.1515,5.4076,0.2709,8.4863,0.0938,4.5703,0.0305,2.4667,1.3175,2.7499,1.941,3.4038,4.4184,12.6224,0.35
A2M_GF_Male_RHM5560,GSE107925,perturbed,0.4329,11.8335,0.1562,5.6403,0.2725,8.6923,0.0906,4.5592,0.0477,3.1049,1.9431,2.5716,1.518,3.2522,4.6449,12.3816,0.3751
A2M_GF_Female_RHM5561,GSE107925,perturbed,0.4143,11.6021,0.1652,6.0031,0.2489,8.2331,0.1107,5.3553,0.0609,3.6418,2.0967,2.4299,1.7317,3.3093,5.0353,12.4238,0.4053
A2M_GF_Female_RHM5562,GSE107925,perturbed,0.4127,11.5238,0.1669,6.0276,0.25,8.235,0.105,5.1384,0.0654,3.7818,1.863,2.4109,1.9722,3.4052,5.0448,12.2127,0.4131
A2M_GF_Female_RHM5563,GSE107925,perturbed,0.4201,11.5294,0.1611,5.7815,0.2539,8.2116,0.1133,5.3415,0.0516,3.2584,1.7455,2.5481,2.0436,3.3102,5.0279,12.4324,0.4044
A2M_SPF_Male_RHM5564,GSE107925,reference,0.474,12.3057,0.1536,5.3191,0.2894,8.7566,0.0601,3.3451,0.0228,2.1299,1.5137,2.9575,1.6202,3.2234,4.2835,12.8649,0.333
A2M_SPF_Female_RHM5565,GSE107925,reference,0.3957,11.0224,0.1687,6.0371,0.2405,7.9228,0.126,5.8234,0.069,3.8934,1.7875,2.5881,1.9238,2.891,5.3061,11.6727,0.4546
A2M_SPF_Female_RHM5566,GSE107925,reference,0.3801,11.0064,0.1659,6.1705,0.2465,8.3564,0.1144,5.6176,0.093,4.8657,1.746,2.0808,2.1275,2.6958,5.2215,11.6167,0.4495
A2M_SPF_Male_RHM5567,GSE107925,reference,0.4433,12.0668,0.1699,5.9746,0.28,8.87,0.0633,3.6105,0.0435,2.9404,1.559,2.7888,2.1737,3.5791,4.904,13.0294,0.3764
A2M_SPF_Female_RHM5568,GSE107925,reference,0.4383,12.2841,0.1574,5.8204,0.2736,8.9527,0.0457,3.1143,0.0851,4.4844,1.7218,2.7503,1.6179,3.4948,4.6319,13.008,0.3561
A2M_SPF_Male_RHM5571,GSE107925,reference,0.4691,11.9952,0.1736,5.7368,0.2885,8.6101,0.0526,3.0136,0.0162,1.8306,1.9247,2.8635,2.1233,3.3889,4.9115,13.0484,0.3764
A2M_SPF_Male_RHM5572,GSE107925,reference,0.4616,11.9575,0.1671,5.6414,0.2686,8.1931,0.0777,3.9147,0.0249,2.2027,1.9434,2.803,2.1792,2.9778,5.0007,12.8313,0.3897
A2M_GF_Male_RMM035,GSE107925,perturbed,0.4899,12.2982,0.1519,5.115,0.3041,8.8747,0.0428,2.6423,0.0113,1.6325,1.456,2.7984,1.9089,3.4479,4.1935,12.1873,0.3441
A2M_GF_Male_RMM036,GSE107925,perturbed,0.4948,12.2817,0.1508,5.0346,0.3038,8.7749,0.0336,2.3207,0.017,1.7929,1.5955,2.8519,1.9619,3.4823,4.3176,12.1696,0.3548
A2M_GF_Male_RMM037,GSE107925,perturbed,0.4766,12.0502,0.1516,5.1367,0.3057,8.9528,0.0443,2.7134,0.0218,1.9868,1.7472,2.6634,1.6616,3.7025,4.247,12.0693,0.3519
A2M_GF_Female_RMM038,GSE107925,perturbed,0.4588,11.8226,0.1541,5.2835,0.283,8.5038,0.0811,4.0008,0.023,2.1312,1.7066,2.5092,1.7654,3.9253,4.3456,11.9686,0.3631
A2M_GF_Female_RMM039,GSE107925,perturbed,0.4588,11.8468,0.1535,5.2782,0.2829,8.5184,0.0772,3.8845,0.0276,2.2841,1.6831,2.5306,1.5777,3.9183,4.2076,11.9565,0.3519
A2M_GF_Female_RMM040,GSE107925,perturbed,0.453,11.8168,0.1546,5.3598,0.2776,8.4642,0.0773,3.9264,0.0376,2.6333,1.6311,2.6199,1.9194,3.8566,4.5409,11.912,0.3812
A2M_SPF_Female_RMM041,GSE107925,reference,0.491,12.0143,0.1539,5.0347,0.2824,8.1178,0.0438,2.6519,0.0289,2.1912,1.8215,2.6121,1.5207,4.0848,4.0426,12.0583,0.3353
A2M_SPF_Male_RMM042,GSE107925,reference,0.4784,12.1388,0.1574,5.3005,0.2972,8.7759,0.062,3.2969,0.005,1.4557,1.7628,2.7499,1.7478,3.3329,4.3619,12.1085,0.3602
A2M_SPF_Male_RMM043,GSE107925,reference,0.4961,12.2434,0.1505,4.9969,0.309,8.853,0.0161,1.7516,0.0283,2.1362,1.5204,2.8416,1.7237,3.4844,4.089,12.0204,0.3402
A2M_SPF_Female_RMM044,GSE107925,reference,0.4534,11.7809,0.1536,5.3089,0.2859,8.6366,0.0682,3.6109,0.039,2.6637,1.782,2.6039,1.6397,3.8294,4.4298,11.8154,0.3749
A2M_SPF_Female_RMM045,GSE107925,reference,0.461,11.8281,0.1524,5.2203,0.2871,8.5753,0.067,3.5306,0.0324,2.4198,1.7445,2.608,1.7492,3.9348,4.4123,11.8236,0.3732
A2M_SPF_Male_RMM046,GSE107925,reference,0.4412,11.5759,0.1653,5.6449,0.3012,9.0972,0.0603,3.3398,0.0321,2.4095,1.8268,2.4171,1.6673,3.7319,4.4663,11.3025,0.3952
2_CTR_F1_2017_454,GSE108045,reference,0.4471,11.7401,0.1465,5.1818,0.2872,8.7484,0.0307,2.4276,0.0885,4.317,1.4884,2.4396,1.3696,3.0204,3.9494,12.3167,0.3207
2_CTR_F2_2017_455,GSE108045,reference,0.444,11.7204,0.1509,5.3172,0.2861,8.7593,0.0235,2.2043,0.0954,4.5625,1.5119,2.4467,1.6168,2.9577,4.1854,12.2632,0.3413
2_CTR_F3_2017_456,GSE108045,reference,0.4393,11.7527,0.1477,5.3043,0.286,8.866,0.0349,2.6151,0.0921,4.5109,1.5159,2.4535,1.5875,2.8624,4.2165,12.2569,0.344
2_CTR_M1_2017_457,GSE108045,reference,0.4352,11.7116,0.1493,5.3726,0.286,8.909,0.041,2.832,0.0884,4.4124,1.597,2.4062,1.6825,2.8912,4.3548,12.1993,0.357
2_CTR_M2_2017_458,GSE108045,reference,0.4386,11.6495,0.1497,5.3147,0.2838,8.7442,0.0308,2.462,0.097,4.6428,1.4804,2.4369,1.6184,2.8184,4.2067,12.268,0.3429
2_CTR_M3_2017_459,GSE108045,reference,0.4373,11.688,0.1519,5.4031,0.2867,8.8703,0.0362,2.6534,0.0879,4.3661,1.4879,2.4509,1.7327,2.8149,4.3236,12.3216,0.3509
2_ABX_M1_2017_460,GSE108045,perturbed,0.4478,11.7169,0.1514,5.2842,0.2919,8.8373,0.0325,2.4696,0.0765,3.9033,1.4405,2.4988,1.5686,2.9375,4.1003,12.2154,0.3357
2_ABX_F2_2017_461,GSE108045,perturbed,0.4563,11.7505,0.1519,5.2266,0.2971,8.8616,0.0188,1.9411,0.0758,3.7952,1.5667,2.536,1.4895,3.0787,4.0849,12.1543,0.3361
2_ABX_F3_2017_462,GSE108045,perturbed,0.4507,11.7214,0.1435,5.0562,0.2964,8.9026,0.0265,2.2632,0.0829,4.0924,1.4631,2.3961,1.2908,3.0141,3.8089,12.2202,0.3117
2_ABX_F1_2017_463,GSE108045,perturbed,0.4895,11.7447,0.1605,5.1343,0.3153,8.7669,0.0,0.6497,0.0347,2.3471,1.5201,2.6695,1.6611,3.2786,3.984,12.3492,0.3226
2_ABX_M2_2017_464,GSE108045,perturbed,0.4513,11.707,0.1535,5.3023,0.2941,8.8404,0.0156,1.8516,0.0855,4.1374,1.4218,2.6189,1.8157,3.0232,4.3253,12.134,0.3565
2_ABX_M3_2017_465,GSE108045,perturbed,0.4471,11.6883,0.1457,5.1355,0.2969,8.9545,0.0323,2.4622,0.078,3.9504,1.243,2.4841,1.5454,2.9189,3.9313,12.1221,0.3243
S_2828,GSE186210,perturbed,0.4907,11.608,0.1468,4.7106,0.2891,8.0188,0.0092,1.4875,0.0641,3.1447,0.0,2.9572,1.2842,2.9239,2.8812,11.5036,0.2505
S_2829,GSE186210,perturbed,0.4863,11.5162,0.1383,4.5167,0.2919,8.086,0.0068,1.4229,0.0767,3.5308,0.2413,3.0006,1.1438,2.713,3.0064,11.4832,0.2618
S_2831,GSE186210,perturbed,0.4868,11.5077,0.1573,4.9499,0.2774,7.7352,0.0164,1.7042,0.0621,3.084,0.6515,2.887,1.5147,2.7674,3.4603,11.4884,0.3012
S_2841,GSE186210,perturbed,0.4798,11.7138,0.1622,5.2177,0.2865,8.1935,0.0322,2.2464,0.0394,2.4694,0.6165,3.0537,1.5316,2.9497,3.614,11.9627,0.3021
S_2844,GSE186210,reference,0.4728,11.4243,0.1641,5.2058,0.2837,8.0308,0.0254,2.0157,0.054,2.895,0.5569,3.1376,1.5417,2.7083,3.6915,11.5169,0.3205
S_2972,GSE186210,reference,0.4837,11.7221,0.1697,5.3575,0.2888,8.192,0.0232,1.9472,0.0346,2.2988,0.9741,3.049,1.5912,3.0123,3.8691,11.6561,0.3319
S_2975,GSE186210,reference,0.5032,11.7058,0.1531,4.7841,0.2733,7.5419,0.0178,1.7171,0.0526,2.7529,1.1724,2.9734,1.5996,2.9734,3.8056,11.7046,0.3251
S_2979,GSE186210,reference,0.4998,11.787,0.1659,5.1333,0.2948,8.1356,0.0072,1.4024,0.0323,2.1616,0.9639,2.9684,1.3622,2.9927,3.5307,11.7396,0.3008
S_2991,GSE186210,perturbed,0.499,11.5963,0.1517,4.7457,0.276,7.5914,0.0145,1.619,0.0589,2.9372,0.5168,3.0171,1.4811,2.6898,3.3503,11.6936,0.2865
S_2992,GSE186210,perturbed,0.5076,11.615,0.144,4.505,0.2976,7.9755,0.0,1.0575,0.0509,2.6594,0.0,3.0018,1.4175,3.0018,2.9022,11.7625,0.2467
S_3005,GSE186210,reference,0.4836,11.7153,0.1473,4.8283,0.2946,8.3311,0.0294,2.1447,0.0451,2.6295,0.6937,2.9721,1.3536,2.7691,3.4598,11.8398,0.2922
S_3006,GSE186210,reference,0.4871,11.5872,0.1383,4.53,0.2956,8.193,0.0316,2.2107,0.0475,2.6894,0.1678,2.7576,1.3037,2.7761,2.8941,11.7864,0.2455
S_3011,GSE186210,reference,0.4709,11.6053,0.2025,6.2233,0.2755,7.9844,0.0387,2.4585,0.0125,1.6373,1.8094,3.2819,1.985,2.6418,5.009,11.4835,0.4362
S_3012,GSE186210,reference,0.4681,11.6355,0.1793,5.7153,0.2837,8.2512,0.0285,2.1676,0.0404,2.5424,0.9335,3.0839,1.6886,2.6743,4.0635,11.6514,0.3488
ABX_Sham1,GSE266602,perturbed,0.1855,2.4223,0.3005,3.7921,0.1779,2.5245,0.105,2.058,0.2311,3.7413,0.914,1.3949,0.6952,0.9214,5.3968,5.3325,1.0121
ABX_Sham2,GSE266602,perturbed,0.2344,3.0115,0.2522,3.435,0.1833,2.6554,0.1274,2.4697,0.2028,3.4716,1.2899,1.7753,0.6681,1.3056,5.3092,5.5369,0.9589
ABX_Sham3,GSE266602,perturbed,0.1583,2.2245,0.2078,2.9431,0.1432,2.2337,0.2511,4.1004,0.2397,3.954,0.8071,1.2119,0.0585,0.9339,4.3742,5.8141,0.7523
GF_Sham1,GSE266602,perturbed,0.3111,3.1478,0.325,3.5341,0.2284,2.6523,0.0,0.1883,0.1355,2.1632,1.8624,2.5245,2.0676,0.0359,6.9149,9.4796,0.7295
GF_Sham2,GSE266602,perturbed,0.1973,2.6546,0.2295,3.2299,0.1661,2.4932,0.1402,2.6677,0.2668,4.3942,1.4147,1.5659,0.0,0.9452,5.0348,5.675,0.8872
GF_Sham3,GSE266602,perturbed,0.1967,2.8182,0.262,3.8207,0.1603,2.5935,0.1425,2.8927,0.2384,4.2513,1.1783,1.4675,1.0118,1.1066,6.1969,6.344,0.9768
SPF_Sham1,GSE266602,reference,0.1699,2.5532,0.2152,3.2977,0.1574,2.6009,0.2464,4.4095,0.2111,3.9112,0.7514,1.2262,0.2168,0.8463,4.3044,6.1136,0.7041
SPF_Sham2,GSE266602,reference,0.1548,1.7417,0.2469,2.6245,0.161,1.914,0.1692,2.3646,0.2681,3.4228,0.4481,1.2563,0.7019,0.9568,5.18,6.1414,0.8435
SPF_Sham3,GSE266602,reference,0.1289,1.6852,0.286,3.2005,0.1367,1.867,0.1876,2.787,0.2607,3.6261,0.6219,0.7617,0.1481,0.8616,3.9614,4.9754,0.7962
