sample_id,cohort,condition,group_label,sex,tissue,sequencing_type,sequencing_depth,detected_genes_ge5,sparsity_pct,microglial_marker_cpm,contaminant_cpm,purity_index_pct,purity_warning,isolation_stress_zscore,neuronal_cpm,astrocytic_cpm,oligodendrocytic_cpm,endothelial_cpm
A2M_GF_Male_RHM5558,GSE107925,perturbed,GF,Male,Microglia,Bulk RNA-seq,6635186.0,19962,26.23,4492.64,21.64,99.52,False,-0.977,11.76,4.07,0.0,54.03
A2M_GF_Male_RHM5559,GSE107925,perturbed,GF,Male,Microglia,Bulk RNA-seq,3847130.0,20219,24.19,3926.5,22.84,99.42,False,-0.982,18.46,11.96,0.0,40.29
A2M_GF_Male_RHM5560,GSE107925,perturbed,GF,Male,Microglia,Bulk RNA-seq,2798124.0,21299,20.45,3134.87,33.39,98.95,False,-0.521,35.38,9.83,0.0,53.96
A2M_GF_Female_RHM5561,GSE107925,perturbed,GF,Female,Microglia,Bulk RNA-seq,3211871.0,22713,17.92,2614.91,39.54,98.51,False,0.207,35.18,20.7,0.0,64.92
A2M_GF_Female_RHM5562,GSE107925,perturbed,GF,Female,Microglia,Bulk RNA-seq,1739225.0,19272,24.5,2547.54,39.75,98.46,False,0.111,32.96,18.69,0.0,71.01
A2M_GF_Female_RHM5563,GSE107925,perturbed,GF,Female,Microglia,Bulk RNA-seq,3093304.0,22424,18.57,2628.94,43.04,98.39,False,0.168,38.58,24.57,0.0,68.21
A2M_SPF_Male_RHM5564,GSE107925,reference,SPF,Male,Microglia,Bulk RNA-seq,9082906.0,18950,30.01,4346.34,17.77,99.59,False,-0.949,7.12,5.95,0.0,45.58
A2M_SPF_Female_RHM5565,GSE107925,reference,SPF,Female,Microglia,Bulk RNA-seq,1781414.0,22224,19.16,1874.56,56.7,97.06,False,-0.603,70.36,26.66,0.0,66.24
A2M_SPF_Female_RHM5566,GSE107925,reference,SPF,Female,Microglia,Bulk RNA-seq,1772013.0,22540,18.1,1789.7,53.69,97.09,False,-0.532,77.13,41.2,0.0,31.04
A2M_SPF_Male_RHM5567,GSE107925,reference,SPF,Male,Microglia,Bulk RNA-seq,12442495.0,11686,60.24,4103.84,18.9,99.54,False,1.314,6.56,4.58,0.0,51.72
A2M_SPF_Female_RHM5568,GSE107925,reference,SPF,Female,Microglia,Bulk RNA-seq,15602489.0,10835,63.81,4180.75,8.95,99.79,False,1.796,5.55,1.92,0.0,21.05
A2M_SPF_Male_RHM5571,GSE107925,reference,SPF,Male,Microglia,Bulk RNA-seq,10749134.0,15110,44.33,3689.19,11.64,99.69,False,-0.947,3.78,2.93,0.0,32.14
A2M_SPF_Male_RHM5572,GSE107925,reference,SPF,Male,Microglia,Bulk RNA-seq,5598640.0,19010,31.01,3688.55,22.1,99.4,False,-1.0,17.86,4.29,0.0,46.26
A2M_GF_Male_RMM035,GSE107925,perturbed,GF,Male,Microglia,Bulk RNA-seq,34911070.0,12358,59.48,3553.56,11.57,99.68,False,-0.765,1.09,0.76,0.0,38.11
A2M_GF_Male_RMM036,GSE107925,perturbed,GF,Male,Microglia,Bulk RNA-seq,31749065.0,12270,59.56,3439.16,12.47,99.64,False,-0.78,1.05,0.94,0.0,41.12
A2M_GF_Male_RMM037,GSE107925,perturbed,GF,Male,Microglia,Bulk RNA-seq,34973996.0,12541,58.48,2995.95,11.58,99.61,False,0.019,0.93,0.23,0.0,38.9
A2M_GF_Female_RMM038,GSE107925,perturbed,GF,Female,Microglia,Bulk RNA-seq,36794499.0,13278,54.8,2570.67,14.25,99.45,False,1.36,1.18,0.76,0.0,47.33
A2M_GF_Female_RMM039,GSE107925,perturbed,GF,Female,Microglia,Bulk RNA-seq,33119780.0,12918,56.77,2600.62,14.33,99.45,False,1.353,0.8,1.0,0.0,47.98
A2M_GF_Female_RMM040,GSE107925,perturbed,GF,Female,Microglia,Bulk RNA-seq,33140793.0,12848,57.26,2587.23,13.13,99.49,False,1.291,1.35,1.12,0.0,42.83
A2M_SPF_Female_RMM041,GSE107925,reference,SPF,Female,Microglia,Bulk RNA-seq,30032752.0,12301,58.25,2924.25,10.75,99.63,False,0.44,0.53,0.78,0.0,36.04
A2M_SPF_Male_RMM042,GSE107925,reference,SPF,Male,Microglia,Bulk RNA-seq,36178899.0,12358,57.19,3255.97,6.99,99.79,False,-0.828,0.23,0.91,0.0,23.2
A2M_SPF_Male_RMM043,GSE107925,reference,SPF,Male,Microglia,Bulk RNA-seq,42215853.0,12874,58.57,3405.17,10.99,99.68,False,-0.834,0.68,0.62,0.0,36.85
A2M_SPF_Female_RMM044,GSE107925,reference,SPF,Female,Microglia,Bulk RNA-seq,31872681.0,13744,55.88,2509.21,22.45,99.11,False,0.79,27.2,9.21,0.0,28.57
A2M_SPF_Female_RMM045,GSE107925,reference,SPF,Female,Microglia,Bulk RNA-seq,30517375.0,13572,56.22,2560.51,24.47,99.05,False,0.875,26.65,9.19,0.0,36.47
A2M_SPF_Male_RMM046,GSE107925,reference,SPF,Male,Microglia,Bulk RNA-seq,34015745.0,13075,53.06,1986.52,6.54,99.67,False,-0.005,0.4,0.88,0.0,21.42
2_CTR_F1_2017_454,GSE108045,reference,CTR,Female,Microglia,Bulk RNA-seq,20114719.0,15654,58.74,2797.99,12.94,99.54,False,-0.854,2.04,1.24,28.55,23.44
2_CTR_F2_2017_455,GSE108045,reference,CTR,Female,Microglia,Bulk RNA-seq,18037065.0,15541,57.75,2720.7,10.95,99.6,False,1.252,1.4,1.61,19.37,26.64
2_CTR_F3_2017_456,GSE108045,reference,CTR,Female,Microglia,Bulk RNA-seq,19125652.0,15635,57.32,2678.85,8.73,99.68,False,-0.402,1.52,0.89,17.43,18.27
2_CTR_M1_2017_457,GSE108045,reference,CTR,Male,Microglia,Bulk RNA-seq,22604420.0,16155,57.65,2693.18,10.67,99.61,False,-0.933,2.18,1.21,22.69,19.58
2_CTR_M2_2017_458,GSE108045,reference,CTR,Male,Microglia,Bulk RNA-seq,18987566.0,15545,58.19,2590.14,10.46,99.6,False,-0.449,1.95,0.58,21.07,22.12
2_CTR_M3_2017_459,GSE108045,reference,CTR,Male,Microglia,Bulk RNA-seq,19735455.0,15925,57.47,2663.79,9.29,99.65,False,-0.241,1.77,1.0,20.03,16.9
2_ABX_M1_2017_460,GSE108045,perturbed,ABX,Male,Microglia,Bulk RNA-seq,21086593.0,15781,58.14,2693.58,9.75,99.64,False,-0.714,0.82,1.03,19.36,21.79
2_ABX_F2_2017_461,GSE108045,perturbed,ABX,Female,Microglia,Bulk RNA-seq,20913826.0,15798,58.07,2679.79,10.67,99.6,False,0.185,0.61,0.65,21.96,23.86
2_ABX_F3_2017_462,GSE108045,perturbed,ABX,Female,Microglia,Bulk RNA-seq,23088364.0,16147,55.04,2837.61,11.22,99.61,False,1.155,1.66,1.24,23.71,21.79
2_ABX_F1_2017_463,GSE108045,perturbed,ABX,Female,Microglia,Bulk RNA-seq,16303485.0,15137,56.42,2580.8,9.59,99.63,False,0.121,1.14,0.76,18.4,22.27
2_ABX_M2_2017_464,GSE108045,perturbed,ABX,Male,Microglia,Bulk RNA-seq,18024057.0,15661,57.56,2667.31,10.92,99.59,False,-0.116,1.09,1.07,21.84,24.05
2_ABX_M3_2017_465,GSE108045,perturbed,ABX,Male,Microglia,Bulk RNA-seq,22143797.0,16165,56.29,2676.71,11.32,99.58,False,0.996,1.14,1.48,23.57,22.99
ABX_Sham1,GSE266602,perturbed,ABX_Sham,Male,Microglia,Bulk RNA-seq,68739877.0,13455,73.52,31.06,14.45,68.25,True,0.143,5.83,37.52,0.0,0.0
ABX_Sham2,GSE266602,perturbed,ABX_Sham,Male,Microglia,Bulk RNA-seq,51027927.0,14784,71.21,36.25,9.85,78.63,True,-0.131,4.85,23.55,0.0,3.47
ABX_Sham3,GSE266602,perturbed,ABX_Sham,Male,Microglia,Bulk RNA-seq,44568670.0,13869,72.85,35.11,13.26,72.59,True,-0.442,4.49,33.36,0.0,5.72
GF_Sham1,GSE266602,perturbed,GF_Sham,Male,Microglia,Bulk RNA-seq,47984762.0,8134,81.74,153.78,0.04,99.97,False,-1.125,0.06,0.06,0.0,0.0
GF_Sham2,GSE266602,perturbed,GF_Sham,Male,Microglia,Bulk RNA-seq,41664864.0,10161,78.92,38.05,16.85,69.31,True,2.097,0.07,50.43,0.0,0.1
GF_Sham3,GSE266602,perturbed,GF_Sham,Male,Microglia,Bulk RNA-seq,70358974.0,16690,67.47,29.66,22.36,57.02,True,-0.512,5.94,58.97,0.0,6.52
SPF_Sham1,GSE266602,reference,SPF_Sham,Male,Microglia,Bulk RNA-seq,54861455.0,15432,69.86,28.7,24.97,53.47,True,-0.185,1.76,71.81,0.0,4.03
SPF_Sham2,GSE266602,reference,SPF_Sham,Male,Microglia,Bulk RNA-seq,51917935.0,11675,76.08,51.25,16.39,75.77,True,-0.663,3.57,45.56,0.0,0.1
SPF_Sham3,GSE266602,reference,SPF_Sham,Male,Microglia,Bulk RNA-seq,55025270.0,13316,73.54,34.52,16.07,68.23,True,0.818,3.43,35.97,0.0,26.46
S_2828,GSE186210,perturbed,Zero_Fiber,Male,Microglia,Bulk RNA-seq,2336920.0,12031,68.23,2533.3,10.74,99.58,False,0.614,2.0,1.43,23.54,18.61
S_2829,GSE186210,perturbed,Zero_Fiber,Female,Microglia,Bulk RNA-seq,2435503.0,12145,67.53,2576.01,7.88,99.7,False,0.492,3.83,0.68,9.72,21.97
S_2831,GSE186210,perturbed,Zero_Fiber,Male,Microglia,Bulk RNA-seq,2616545.0,12452,67.16,2171.8,7.71,99.65,False,-0.041,3.18,0.89,11.34,19.3
S_2841,GSE186210,perturbed,Zero_Fiber,Female,Microglia,Bulk RNA-seq,2088270.0,11462,69.34,2777.3,14.89,99.47,False,-0.154,1.92,0.96,20.43,46.93
S_2844,GSE186210,reference,Fiber_Normal,Female,Microglia,Bulk RNA-seq,3961042.0,13095,66.2,2399.12,6.38,99.73,False,0.038,1.94,0.76,8.75,17.92
S_2972,GSE186210,reference,Fiber_Normal,Female,Microglia,Bulk RNA-seq,2961709.0,12202,67.91,2700.93,5.95,99.78,False,0.915,1.46,0.9,10.02,14.18
S_2975,GSE186210,reference,Fiber_Normal,Male,Microglia,Bulk RNA-seq,1489849.0,10846,71.23,2604.88,13.36,99.49,False,-0.414,0.45,0.89,10.74,55.37
S_2979,GSE186210,reference,Fiber_Normal,Male,Microglia,Bulk RNA-seq,1425408.0,10775,71.56,2902.77,11.8,99.6,False,-0.864,4.68,0.23,10.52,41.74
S_2991,GSE186210,perturbed,Zero_Fiber,Female,Microglia,Bulk RNA-seq,1904420.0,11583,69.49,2700.82,12.51,99.54,False,-0.615,3.33,0.35,14.0,42.27
S_2992,GSE186210,perturbed,Zero_Fiber,Female,Microglia,Bulk RNA-seq,2192499.0,11629,69.18,2597.49,13.89,99.47,False,-0.623,1.82,0.61,17.79,46.07
S_3005,GSE186210,reference,Fiber_Normal,Female,Microglia,Bulk RNA-seq,1174514.0,10546,71.52,2622.25,6.27,99.76,False,0.906,2.55,0.57,11.07,13.2
S_3006,GSE186210,reference,Fiber_Normal,Female,Microglia,Bulk RNA-seq,3708564.0,12814,66.64,2643.0,8.29,99.69,False,0.037,2.43,0.63,14.11,19.82
S_3011,GSE186210,reference,Fiber_Normal,Male,Microglia,Bulk RNA-seq,3072708.0,12552,66.12,2329.58,7.49,99.68,False,-0.196,3.04,0.33,14.54,14.32
S_3012,GSE186210,reference,Fiber_Normal,Male,Microglia,Bulk RNA-seq,4021238.0,12999,65.5,2568.89,12.55,99.51,False,-0.096,2.98,0.33,13.1,44.39
